Country,Year,Value,LOO,M1,M2,M4
Angola,2000,48.1,60.46,38.267,10,0.1852
Argentina,2000,49.0,60.443,39.723,13,0.2407
Austria,2000,71.0,60.028,83.977,48,0.8889
Bangladesh,2000,66.6,60.111,73.789,34,0.6296
Belarus,2000,68.8,60.07,78.799,43,0.7963
Belgium,2000,66.9,60.106,74.462,37,0.6852
Bolivia,2000,38.4,60.643,24.315,1,0.0185
Canada,2000,66.6,60.111,73.789,34,0.6296
Chile,2000,47.2,60.477,36.838,9,0.1667
Colombia,2000,41.6,60.583,28.565,2,0.037
Costa Rica,2000,52.6,60.375,45.826,17,0.3148
Croatia,2000,68.7,60.072,78.568,42,0.7778
Denmark,2000,76.2,59.93,96.887,54,1.0
Dominican Republic,2000,48.5,60.453,38.911,11,0.2037
Ecuador,2000,43.7,60.543,31.542,5,0.0926
El Salvador,2000,48.5,60.453,38.911,11,0.2037
Estonia,2000,64.2,60.157,68.515,29,0.537
Swaziland,2000,46.9,60.483,36.367,8,0.1481
Finland,2000,72.8,59.994,88.339,51,0.9444
France,2000,67.4,60.096,75.591,40,0.7407
Georgia,2000,59.5,60.245,58.764,22,0.4074
Germany,2000,71.3,60.023,84.696,49,0.9074
Greece,2000,65.6,60.13,71.567,31,0.5741
Guatemala,2000,45.8,60.504,34.67,6,0.1111
Hungary,2000,72.8,59.994,88.339,51,0.9444
Indonesia,2000,69.7,60.053,80.897,45,0.8333
Ireland,2000,67.0,60.104,74.687,38,0.7037
Italy,2000,64.8,60.145,69.815,30,0.5556
Kyrgyzstan,2000,69.0,60.066,79.263,44,0.8148
Lithuania,2000,68.3,60.079,77.646,41,0.7593
Luxembourg,2000,69.9,60.049,81.367,46,0.8519
Mexico,2000,46.6,60.489,35.9,7,0.1296
Moldova,2000,63.6,60.168,67.228,27,0.5
Morocco,2000,59.4,60.247,58.565,21,0.3889
Macedonia,2000,65.7,60.128,71.788,32,0.5926
Norway,2000,72.6,59.998,87.849,50,0.9259
Panama,2000,43.4,60.549,31.108,4,0.0741
Peru,2000,50.9,60.408,42.889,14,0.2593
Philippines,2000,52.3,60.381,45.3,16,0.2963
Poland,2000,67.0,60.104,74.687,38,0.7037
Romania,2000,70.7,60.034,83.261,47,0.8704
Russia,2000,62.9,60.181,65.742,26,0.4815
Rwanda,2000,51.5,60.396,43.914,15,0.2778
South Africa,2000,42.2,60.572,29.401,3,0.0556
Spain,2000,65.9,60.125,72.23,33,0.6111
Sweden,2000,73.0,59.991,88.831,53,0.9815
Switzerland,2000,66.6,60.111,73.789,34,0.6296
Tanzania,2000,62.7,60.185,65.32,25,0.463
Thailand,2000,57.2,60.289,54.27,19,0.3519
Tunisia,2000,59.2,60.251,58.167,20,0.3704
United Kingdom,2000,61.1,60.215,61.998,24,0.4444
United States,2000,59.9,60.238,59.564,23,0.4259
Uruguay,2000,56.6,60.3,53.127,18,0.3333
Uzbekistan,2000,64.1,60.158,68.3,28,0.5185
Argentina,2001,46.7,59.787,36.478,7,0.1522
Armenia,2001,64.6,59.389,70.268,29,0.6304
Australia,2001,66.5,59.347,74.516,31,0.6739
Azerbaijan,2001,63.5,59.413,67.868,26,0.5652
Belarus,2001,69.4,59.282,81.245,39,0.8478
Bolivia,2001,42.6,59.878,30.308,2,0.0435
Bosnia and Herzegovina,2001,70.0,59.269,82.674,41,0.8913
Brazil,2001,41.6,59.9,28.891,1,0.0217
Bulgaria,2001,67.3,59.329,76.342,33,0.7174
Cape Verde,2001,47.5,59.769,37.75,9,0.1957
Cameroon,2001,57.9,59.538,56.307,17,0.3696
Canada,2001,66.4,59.349,74.289,30,0.6522
Colombia,2001,42.7,59.876,30.451,3,0.0652
Costa Rica,2001,48.5,59.747,39.37,10,0.2174
Croatia,2001,68.9,59.293,80.063,37,0.8043
Dominican Republic,2001,50.0,59.713,41.867,13,0.2826
El Salvador,2001,48.7,59.742,39.699,11,0.2391
Estonia,2001,64.0,59.402,68.954,27,0.587
France,2001,67.5,59.324,76.802,34,0.7391
Georgia,2001,60.4,59.482,61.332,21,0.4565
Germany,2001,70.1,59.267,82.914,42,0.913
Honduras,2001,44.6,59.833,33.245,5,0.1087
Hungary,2001,73.1,59.2,90.264,45,0.9783
Indonesia,2001,68.8,59.296,79.828,36,0.7826
Israel,2001,61.1,59.467,62.778,22,0.4783
Kazakhstan,2001,64.0,59.402,68.954,27,0.587
Kyrgyzstan,2001,69.8,59.273,82.196,40,0.8696
Lithuania,2001,68.0,59.313,77.959,35,0.7609
Luxembourg,2001,69.1,59.289,80.535,38,0.8261
Madagascar,2001,52.6,59.656,46.379,14,0.3043
Mali,2001,60.1,59.489,60.717,20,0.4348
Moldova,2001,62.0,59.447,64.663,23,0.5
Nicaragua,2001,47.1,59.778,37.111,8,0.1739
Pakistan,2001,71.3,59.24,85.815,44,0.9565
Panama,2001,43.3,59.862,31.32,4,0.087
Paraguay,2001,45.4,59.816,34.459,6,0.1304
Peru,2001,48.7,59.742,39.699,11,0.2391
Poland,2001,67.2,59.331,76.113,32,0.6957
Romania,2001,70.6,59.256,84.116,43,0.9348
Russia,2001,63.1,59.422,67.005,25,0.5435
Senegal,2001,58.8,59.518,58.091,18,0.3913
Sweden,2001,73.5,59.191,91.268,46,1.0
United Kingdom,2001,62.9,59.427,66.576,24,0.5217
United States,2001,59.4,59.504,59.296,19,0.413
Uruguay,2001,55.0,59.602,50.753,16,0.3478
Venezuela,2001,52.8,59.651,46.736,15,0.3261
Albania,2002,68.3,60.286,77.379,52,0.8
Argentina,2002,46.2,60.631,35.204,8,0.1231
Armenia,2002,65.2,60.334,70.458,40,0.6154
Azerbaijan,2002,74.7,60.186,92.714,65,1.0
Belarus,2002,69.7,60.264,80.613,55,0.8462
Bolivia,2002,40.7,60.717,27.282,2,0.0308
Botswana,2002,38.5,60.752,24.399,1,0.0154
Brazil,2002,41.9,60.698,28.923,3,0.0462
Canada,2002,66.4,60.316,73.098,44,0.6769
China,2002,58.0,60.447,55.652,21,0.3231
Colombia,2002,44.0,60.666,31.913,6,0.0923
Costa Rica,2002,48.2,60.6,38.337,11,0.1692
Ivory Coast,2002,58.7,60.436,57.014,24,0.3692
Czech Republic,2002,73.4,60.206,89.485,63,0.9692
Dominican Republic,2002,50.3,60.567,41.773,13,0.2
El Salvador,2002,48.1,60.602,38.177,10,0.1538
Estonia,2002,64.2,60.35,68.296,35,0.5385
Fiji,2002,61.9,60.386,63.452,30,0.4615
France,2002,68.2,60.288,77.151,51,0.7846
Georgia,2002,62.8,60.372,65.326,32,0.4923
Germany,2002,70.1,60.258,81.55,59,0.9077
Greece,2002,64.5,60.345,68.941,37,0.5692
Guinea,2002,57.0,60.462,53.736,19,0.2923
Honduras,2002,44.3,60.661,32.352,7,0.1077
Hungary,2002,73.2,60.209,88.993,62,0.9538
Indonesia,2002,69.8,60.262,80.847,57,0.8769
Ireland,2002,67.7,60.295,76.014,49,0.7538
Israel,2002,60.4,60.409,60.391,28,0.4308
Italy,2002,65.3,60.333,70.676,42,0.6462
Jamaica,2002,51.7,60.545,44.147,15,0.2308
Jordan,2002,63.0,60.369,65.746,33,0.5077
Kazakhstan,2002,65.2,60.334,70.458,40,0.6154
Kyrgyzstan,2002,69.7,60.264,80.613,55,0.8462
Laos,2002,67.4,60.3,75.336,48,0.7385
Latvia,2002,64.9,60.339,69.806,38,0.5846
Lithuania,2002,68.1,60.289,76.923,50,0.7692
Luxembourg,2002,68.9,60.277,78.757,54,0.8308
Maldives,2002,58.7,60.436,57.014,24,0.3692
Mexico,2002,49.4,60.581,40.282,12,0.1846
Moldova,2002,64.2,60.35,68.296,35,0.5385
Mongolia,2002,67.1,60.305,74.661,46,0.7077
Mozambique,2002,53.1,60.523,46.587,16,0.2462
Macedonia,2002,61.5,60.392,62.628,29,0.4462
Panama,2002,43.9,60.667,31.767,5,0.0769
Paraguay,2002,42.7,60.686,30.045,4,0.0615
Peru,2002,46.4,60.628,35.511,9,0.1385
Poland,2002,65.9,60.323,71.992,43,0.6615
Romania,2002,69.8,60.262,80.847,57,0.8769
Russia,2002,62.7,60.373,65.116,31,0.4769
Serbia,2002,67.3,60.302,75.111,47,0.7231
Slovenia,2002,70.9,60.245,83.439,60,0.9231
Sri Lanka,2002,59.8,60.419,59.188,27,0.4154
Sweden,2002,73.8,60.2,90.472,64,0.9846
Switzerland,2002,68.3,60.286,77.379,52,0.8
Thailand,2002,58.1,60.445,55.846,22,0.3385
Turkey,2002,58.6,60.438,56.818,23,0.3538
Uganda,2002,54.8,60.497,49.64,18,0.2769
Ukraine,2002,71.0,60.244,83.677,61,0.9385
United Kingdom,2002,64.9,60.339,69.806,38,0.5846
United States,2002,59.6,60.422,58.789,26,0.4
Uruguay,2002,54.5,60.502,49.094,17,0.2615
Uzbekistan,2002,67.0,60.306,74.437,45,0.6923
Venezuela,2002,51.1,60.555,43.122,14,0.2154
Vietnam,2002,63.0,60.369,65.746,33,0.5077
Zambia,2002,57.9,60.448,55.459,20,0.3077
Argentina,2003,49.0,62.239,38.577,10,0.1587
Armenia,2003,67.0,61.948,72.464,39,0.619
Australia,2003,66.5,61.956,71.377,38,0.6032
Austria,2003,70.5,61.892,80.305,51,0.8095
Azerbaijan,2003,73.2,61.848,86.635,60,0.9524
Belarus,2003,71.2,61.881,81.923,54,0.8571
Belgium,2003,71.9,61.869,83.557,57,0.9048
Benin,2003,61.4,62.039,60.768,26,0.4127
Brazil,2003,42.4,62.345,28.836,2,0.0317
Bulgaria,2003,71.1,61.882,81.691,53,0.8413
Burkina Faso,2003,56.7,62.115,51.757,17,0.2698
Canada,2003,66.2,61.961,70.729,36,0.5714
Chad,2003,60.2,62.058,58.398,23,0.3651
Chile,2003,48.5,62.247,37.789,9,0.1429
Colombia,2003,46.4,62.281,34.569,5,0.0794
Costa Rica,2003,50.7,62.211,41.319,12,0.1905
Denmark,2003,74.4,61.829,89.527,62,0.9841
Dominican Republic,2003,47.9,62.256,36.854,8,0.127
Ecuador,2003,46.5,62.279,34.719,6,0.0952
El Salvador,2003,49.6,62.229,39.534,11,0.1746
Estonia,2003,62.8,62.016,63.594,27,0.4286
Finland,2003,72.3,61.863,84.498,58,0.9206
France,2003,68.6,61.923,75.997,45,0.7143
Georgia,2003,63.4,62.006,64.825,28,0.4444
Germany,2003,70.1,61.898,79.388,49,0.7778
Greece,2003,67.2,61.945,72.901,41,0.6508
Honduras,2003,41.9,62.353,28.156,1,0.0159
Hungary,2003,69.1,61.915,77.119,46,0.7302
Iceland,2003,73.2,61.848,86.635,60,0.9524
Indonesia,2003,70.7,61.889,80.766,52,0.8254
Ireland,2003,67.1,61.947,72.682,40,0.6349
Israel,2003,59.3,62.073,56.651,20,0.3175
Italy,2003,65.1,61.979,68.378,32,0.5079
Kazakhstan,2003,66.3,61.96,70.944,37,0.5873
Kyrgyzstan,2003,71.3,61.879,82.155,55,0.873
Latvia,2003,63.5,62.005,65.031,29,0.4603
Lithuania,2003,64.5,61.989,67.113,30,0.4762
Luxembourg,2003,69.8,61.903,78.704,48,0.7619
Malaysia,2003,53.6,62.165,46.215,15,0.2381
Moldova,2003,65.1,61.979,68.378,32,0.5079
Nigeria,2003,59.9,62.063,57.812,21,0.3333
Macedonia,2003,61.3,62.04,60.569,25,0.3968
Norway,2003,72.4,61.861,84.734,59,0.9365
Panama,2003,44.4,62.313,31.636,3,0.0476
Paraguay,2003,45.1,62.302,32.648,4,0.0635
Peru,2003,46.9,62.273,35.322,7,0.1111
Philippines,2003,53.4,62.168,45.869,14,0.2222
Poland,2003,65.1,61.979,68.378,32,0.5079
Portugal,2003,61.2,62.042,60.369,24,0.381
Romania,2003,70.1,61.898,79.388,49,0.7778
Russia,2003,60.0,62.061,58.007,22,0.3492
Serbia,2003,67.2,61.945,72.901,41,0.6508
Slovenia,2003,69.1,61.915,77.119,46,0.7302
Spain,2003,68.2,61.929,75.106,44,0.6984
Sweden,2003,74.7,61.824,90.257,63,1.0
Tajikistan,2003,67.3,61.944,73.12,43,0.6825
Turkey,2003,57.8,62.097,53.801,18,0.2857
Ukraine,2003,71.3,61.879,82.155,55,0.873
United Kingdom,2003,65.1,61.979,68.378,32,0.5079
United States,2003,59.2,62.074,56.459,19,0.3016
Uruguay,2003,55.0,62.142,48.679,16,0.254
Uzbekistan,2003,64.8,61.984,67.744,31,0.4921
Venezuela,2003,52.1,62.189,43.648,13,0.2063
Argentina,2004,51.5,63.0,42.099,12,0.169
Armenia,2004,62.5,62.843,62.159,26,0.3662
Australia,2004,66.9,62.78,71.29,43,0.6056
Austria,2004,70.2,62.733,78.556,57,0.8028
Azerbaijan,2004,73.4,62.687,85.944,67,0.9437
Belarus,2004,73.5,62.686,86.18,68,0.9577
Belgium,2004,69.5,62.743,76.985,50,0.7042
Bolivia,2004,45.0,63.093,32.096,3,0.0423
Bosnia and Herzegovina,2004,66.0,62.793,69.371,36,0.507
Brazil,2004,43.5,63.114,29.981,2,0.0282
Canada,2004,66.2,62.79,69.795,37,0.5211
Colombia,2004,45.0,63.093,32.096,3,0.0423
Costa Rica,2004,51.6,62.999,42.264,13,0.1831
Croatia,2004,70.3,62.731,78.782,60,0.8451
Cyprus,2004,69.9,62.737,77.881,53,0.7465
Czech Republic,2004,72.5,62.7,83.832,65,0.9155
Denmark,2004,75.1,62.663,90.006,70,0.9859
Dominican Republic,2004,47.9,63.051,36.39,9,0.1268
Ecuador,2004,46.1,63.077,33.692,7,0.0986
Egypt,2004,68.2,62.761,74.11,44,0.6197
El Salvador,2004,52.2,62.99,43.258,14,0.1972
Estonia,2004,66.4,62.787,70.221,38,0.5352
Ethiopia,2004,70.2,62.733,78.556,57,0.8028
Finland,2004,72.1,62.706,82.902,63,0.8873
France,2004,69.4,62.744,76.762,49,0.6901
Georgia,2004,63.8,62.824,64.791,30,0.4225
Germany,2004,69.9,62.737,77.881,53,0.7465
Greece,2004,66.4,62.787,70.221,38,0.5352
Honduras,2004,41.9,63.137,27.806,1,0.0141
Hungary,2004,70.1,62.734,78.331,56,0.7887
Iceland,2004,72.0,62.707,82.67,62,0.8732
India,2004,72.3,62.703,83.366,64,0.9014
Indonesia,2004,69.6,62.741,77.208,51,0.7183
Ireland,2004,66.4,62.787,70.221,38,0.5352
Israel,2004,58.5,62.9,54.408,19,0.2676
Italy,2004,65.7,62.797,68.737,35,0.493
Jamaica,2004,54.5,62.957,47.179,17,0.2394
Kazakhstan,2004,68.2,62.761,74.11,44,0.6197
Kyrgyzstan,2004,65.2,62.804,67.687,33,0.4648
Latvia,2004,63.6,62.827,64.382,29,0.4085
Lithuania,2004,63.0,62.836,63.165,27,0.3803
Luxembourg,2004,69.8,62.739,77.656,52,0.7324
Mexico,2004,49.7,63.026,39.192,10,0.1408
Moldova,2004,65.0,62.807,67.269,32,0.4507
Netherlands,2004,70.2,62.733,78.556,57,0.8028
Macedonia,2004,61.6,62.856,60.369,24,0.338
Norway,2004,68.4,62.759,74.549,46,0.6479
Pakistan,2004,69.1,62.749,76.094,48,0.6761
Panama,2004,45.2,63.09,32.383,5,0.0704
Paraguay,2004,47.7,63.054,36.085,8,0.1127
Peru,2004,50.1,63.02,39.829,11,0.1549
Poland,2004,62.0,62.85,61.161,25,0.3521
Portugal,2004,61.1,62.863,59.387,23,0.3239
Romania,2004,70.0,62.736,78.105,55,0.7746
Russia,2004,59.7,62.883,56.678,22,0.3099
Serbia,2004,64.5,62.814,66.231,31,0.4366
Slovakia,2004,72.9,62.694,84.767,66,0.9296
Slovenia,2004,75.2,62.661,90.248,71,1.0
Spain,2004,66.7,62.783,70.862,42,0.5915
Sweden,2004,73.9,62.68,87.128,69,0.9718
Switzerland,2004,68.4,62.759,74.549,46,0.6479
Tajikistan,2004,66.4,62.787,70.221,38,0.5352
Thailand,2004,57.5,62.914,52.552,18,0.2535
Turkey,2004,58.7,62.897,54.783,20,0.2817
Ukraine,2004,71.1,62.72,80.6,61,0.8592
United Kingdom,2004,65.2,62.804,67.687,33,0.4648
United States,2004,59.5,62.886,56.297,21,0.2958
Uruguay,2004,54.1,62.963,46.485,16,0.2254
Venezuela,2004,52.7,62.983,44.096,15,0.2113
Vietnam,2004,63.2,62.833,63.569,28,0.3944
Zambia,2004,45.7,63.083,33.107,6,0.0845
Albania,2005,69.4,61.012,78.941,57,0.75
Argentina,2005,52.2,61.241,44.493,16,0.2105
Armenia,2005,64.0,61.084,67.055,41,0.5395
Austria,2005,71.3,60.987,83.357,69,0.9079
Azerbaijan,2005,73.4,60.959,88.381,74,0.9737
Bangladesh,2005,66.8,61.047,73.096,51,0.6711
Belarus,2005,72.4,60.972,85.97,70,0.9211
Belgium,2005,70.7,60.995,81.95,64,0.8421
Bolivia,2005,41.5,61.384,28.057,3,0.0395
Brazil,2005,43.7,61.355,31.125,4,0.0526
Canada,2005,66.4,61.052,72.216,49,0.6447
China,2005,59.1,61.149,57.119,30,0.3947
Colombia,2005,46.1,61.323,34.656,5,0.0658
Republic of the Congo,2005,52.7,61.235,45.355,18,0.2368
Costa Rica,2005,52.5,61.237,45.009,17,0.2237
Cyprus,2005,69.7,61.008,79.63,59,0.7763
Czech Republic,2005,73.1,60.963,87.654,72,0.9474
Denmark,2005,74.8,60.94,91.812,75,0.9868
Dominican Republic,2005,50.0,61.271,40.803,12,0.1579
Ecuador,2005,46.9,61.312,35.876,7,0.0921
El Salvador,2005,51.5,61.251,43.302,15,0.1974
Estonia,2005,66.6,61.049,72.655,50,0.6579
Finland,2005,72.4,60.972,85.97,70,0.9211
France,2005,70.2,61.001,80.786,62,0.8158
Gabon,2005,57.8,61.167,54.619,27,0.3553
Georgia,2005,62.6,61.103,64.134,38,0.5
Germany,2005,68.4,61.025,76.666,54,0.7105
Ghana,2005,57.2,61.175,53.484,24,0.3158
Greece,2005,65.4,61.065,70.042,46,0.6053
Honduras,2005,40.5,61.397,26.715,2,0.0263
Hungary,2005,65.3,61.067,69.827,45,0.5921
Iceland,2005,71.0,60.991,82.652,66,0.8684
Indonesia,2005,70.1,61.003,80.554,61,0.8026
Ireland,2005,66.2,61.055,71.779,47,0.6184
Israel,2005,57.7,61.168,54.429,26,0.3421
Italy,2005,66.2,61.055,71.779,47,0.6184
Kazakhstan,2005,60.2,61.135,59.28,32,0.4211
Kenya,2005,53.6,61.223,46.926,19,0.25
Kyrgyzstan,2005,67.4,61.039,74.424,52,0.6842
Latvia,2005,61.0,61.124,60.876,35,0.4605
Lithuania,2005,64.7,61.075,68.541,44,0.5789
Luxembourg,2005,69.2,61.015,78.483,56,0.7368
Madagascar,2005,60.1,61.136,59.082,31,0.4079
Mexico,2005,49.1,61.283,39.339,10,0.1316
Moldova,2005,63.7,61.088,66.424,40,0.5263
Montenegro,2005,69.8,61.007,79.861,60,0.7895
Netherlands,2005,71.0,60.991,82.652,66,0.8684
Nicaragua,2005,51.2,61.255,42.796,14,0.1842
Niger,2005,55.6,61.196,50.516,22,0.2895
Macedonia,2005,60.7,61.128,60.275,33,0.4342
Norway,2005,69.4,61.012,78.941,57,0.75
Pakistan,2005,68.7,61.021,77.345,55,0.7237
Panama,2005,46.2,61.321,34.807,6,0.0789
Paraguay,2005,48.6,61.289,38.538,9,0.1184
Peru,2005,49.6,61.276,40.149,11,0.1447
Poland,2005,64.2,61.081,67.478,42,0.5526
Portugal,2005,61.5,61.117,61.885,36,0.4737
Romania,2005,70.2,61.001,80.786,62,0.8158
Russia,2005,58.7,61.155,56.344,28,0.3684
Rwanda,2005,48.0,61.297,37.587,8,0.1053
Senegal,2005,60.8,61.127,60.475,34,0.4474
Serbia,2005,63.5,61.091,66.004,39,0.5132
Slovakia,2005,70.7,60.995,81.95,64,0.8421
Slovenia,2005,75.4,60.932,93.303,76,1.0
Solomon Islands,2005,53.9,61.219,47.456,20,0.2632
South Africa,2005,35.0,61.471,19.928,1,0.0132
Spain,2005,67.6,61.036,74.87,53,0.6974
Sweden,2005,73.2,60.961,87.896,73,0.9605
Tunisia,2005,62.3,61.107,63.517,37,0.4868
Turkey,2005,57.4,61.172,53.861,25,0.3289
Uganda,2005,57.1,61.176,53.296,23,0.3026
Ukraine,2005,71.0,60.991,82.652,66,0.8684
United Kingdom,2005,64.5,61.077,68.114,43,0.5658
United States,2005,58.7,61.155,56.344,28,0.3684
Uruguay,2005,55.3,61.2,49.969,21,0.2763
Venezuela,2005,50.7,61.261,41.959,13,0.1711
Argentina,2006,53.6,62.409,46.034,15,0.2
Armenia,2006,70.3,62.184,79.476,60,0.8
Austria,2006,70.4,62.182,79.704,63,0.84
Belarus,2006,71.7,62.165,82.698,65,0.8667
Belgium,2006,71.9,62.162,83.163,67,0.8933
Bolivia,2006,43.3,62.549,29.975,2,0.0267
Brazil,2006,44.4,62.534,31.525,3,0.04
Bulgaria,2006,64.3,62.265,66.402,36,0.48
Canada,2006,65.9,62.243,69.772,43,0.5733
Chile,2006,52.3,62.427,43.816,13,0.1733
Costa Rica,2006,50.7,62.449,41.162,12,0.16
Cyprus,2006,68.9,62.203,76.318,52,0.6933
Czech Republic,2006,73.3,62.143,86.46,70,0.9333
Denmark,2006,74.1,62.132,88.373,73,0.9733
Dominican Republic,2006,48.0,62.485,36.873,9,0.12
Ecuador,2006,47.7,62.489,36.411,8,0.1067
El Salvador,2006,54.3,62.4,47.251,17,0.2267
Estonia,2006,66.3,62.238,70.627,46,0.6133
Finland,2006,72.0,62.161,83.397,68,0.9067
France,2006,70.3,62.184,79.476,60,0.8
Georgia,2006,63.1,62.281,63.93,33,0.44
Germany,2006,69.0,62.201,76.542,53,0.7067
Greece,2006,64.9,62.257,67.655,40,0.5333
Guatemala,2006,45.5,62.519,33.114,6,0.08
Honduras,2006,42.5,62.559,28.873,1,0.0133
Hungary,2006,71.7,62.165,82.698,65,0.8667
Iceland,2006,69.8,62.191,78.341,55,0.7333
Indonesia,2006,68.5,62.208,75.428,51,0.68
Iraq,2006,71.4,62.169,82.002,64,0.8533
Ireland,2006,67.3,62.224,72.79,49,0.6533
Israel,2006,58.4,62.345,54.705,24,0.32
Italy,2006,66.3,62.238,70.627,46,0.6133
Jordan,2006,66.1,62.241,70.199,44,0.5867
Kazakhstan,2006,69.8,62.191,78.341,55,0.7333
South Korea,2006,68.3,62.211,74.985,50,0.6667
Kyrgyzstan,2006,62.6,62.288,62.914,32,0.4267
Latvia,2006,64.4,62.264,66.61,38,0.5067
Lithuania,2006,65.6,62.247,69.133,42,0.56
Luxembourg,2006,69.1,62.2,76.765,54,0.72
Malaysia,2006,55.2,62.388,48.84,18,0.24
Mali,2006,61.1,62.308,59.915,30,0.4
Malta,2006,72.0,62.161,83.397,68,0.9067
Mauritius,2006,64.3,62.265,66.402,36,0.48
Mexico,2006,50.3,62.454,40.511,11,0.1467
Moldova,2006,64.6,62.261,67.027,39,0.52
Montenegro,2006,70.0,62.188,78.794,57,0.76
Morocco,2006,59.3,62.332,56.415,26,0.3467
Netherlands,2006,70.0,62.188,78.794,57,0.76
Macedonia,2006,57.4,62.358,52.836,20,0.2667
Norway,2006,73.6,62.139,87.175,71,0.9467
Panama,2006,45.4,62.52,32.968,4,0.0533
Paraguay,2006,47.0,62.499,35.345,7,0.0933
Peru,2006,49.7,62.462,39.545,10,0.1333
Philippines,2006,52.8,62.42,44.662,14,0.1867
Poland,2006,65.3,62.251,68.498,41,0.5467
Portugal,2006,61.9,62.297,61.505,31,0.4133
Romania,2006,60.4,62.318,58.541,28,0.3733
Russia,2006,59.0,62.336,55.842,25,0.3333
Serbia,2006,70.3,62.184,79.476,60,0.8
Slovakia,2006,74.2,62.131,88.613,74,0.9867
Slovenia,2006,75.6,62.112,92.017,75,1.0
Spain,2006,66.5,62.235,71.057,48,0.64
Sri Lanka,2006,60.3,62.319,58.346,27,0.36
Sweden,2006,73.6,62.139,87.175,71,0.9467
Switzerland,2006,66.1,62.241,70.199,44,0.5867
Thailand,2006,58.2,62.347,54.329,22,0.2933
Togo,2006,57.8,62.353,53.58,21,0.28
Turkey,2006,60.4,62.318,58.541,28,0.3733
Ukraine,2006,70.2,62.185,79.248,59,0.7867
United Kingdom,2006,64.1,62.268,65.986,34,0.4533
United States,2006,58.3,62.346,54.517,23,0.3067
Uruguay,2006,54.1,62.403,46.902,16,0.2133
Venezuela,2006,55.3,62.386,49.018,19,0.2533
Vietnam,2006,64.2,62.266,66.194,35,0.4667
Zambia,2006,45.4,62.52,32.968,4,0.0533
Argentina,2007,53.7,63.766,45.223,12,0.1765
Armenia,2007,68.8,63.54,74.495,46,0.6765
Austria,2007,69.4,63.531,75.811,51,0.75
Belarus,2007,70.4,63.516,78.03,54,0.7941
Belgium,2007,70.8,63.51,78.926,57,0.8382
Bolivia,2007,45.5,63.888,32.404,3,0.0441
Bosnia and Herzegovina,2007,65.7,63.587,67.884,33,0.4853
Brazil,2007,45.1,63.894,31.834,2,0.0294
Bulgaria,2007,63.9,63.613,64.188,27,0.3971
Cape Verde,2007,52.8,63.779,43.711,10,0.1471
Cameroon,2007,57.2,63.713,51.352,14,0.2059
Canada,2007,66.2,63.579,68.929,39,0.5735
Costa Rica,2007,50.7,63.81,40.283,8,0.1176
Cyprus,2007,68.9,63.539,74.714,49,0.7206
Czech Republic,2007,74.0,63.463,86.287,66,0.9706
Denmark,2007,73.8,63.466,85.817,65,0.9559
Dominican Republic,2007,51.1,63.804,40.925,9,0.1324
Ecuador,2007,46.6,63.872,33.999,4,0.0588
El Salvador,2007,54.8,63.749,47.107,13,0.1912
Estonia,2007,68.8,63.54,74.495,46,0.6765
Finland,2007,71.7,63.497,80.963,60,0.8824
France,2007,67.6,63.558,71.899,42,0.6176
Georgia,2007,61.9,63.643,60.204,22,0.3235
Germany,2007,68.8,63.54,74.495,46,0.6765
Greece,2007,66.0,63.582,68.51,36,0.5294
Guinea,2007,60.6,63.663,57.685,20,0.2941
Honduras,2007,44.2,63.907,30.57,1,0.0147
Hungary,2007,72.1,63.491,81.876,61,0.8971
Iceland,2007,70.5,63.515,78.253,56,0.8235
Indonesia,2007,66.8,63.57,70.194,40,0.5882
Ireland,2007,68.1,63.551,72.975,44,0.6471
Israel,2007,58.9,63.688,54.472,16,0.2353
Italy,2007,67.1,63.566,70.831,41,0.6029
Kazakhstan,2007,69.9,63.524,76.916,52,0.7647
Kyrgyzstan,2007,66.1,63.581,68.719,38,0.5588
Laos,2007,64.6,63.603,65.613,29,0.4265
Latvia,2007,62.5,63.634,61.386,23,0.3382
Lithuania,2007,65.2,63.594,66.847,30,0.4412
Luxembourg,2007,68.9,63.539,74.714,49,0.7206
Malta,2007,70.8,63.51,78.926,57,0.8382
Moldova,2007,65.6,63.588,67.676,31,0.4559
Mongolia,2007,64.2,63.609,64.797,28,0.4118
Montenegro,2007,68.6,63.543,74.059,45,0.6618
Netherlands,2007,70.4,63.516,78.03,54,0.7941
Niger,2007,62.7,63.631,61.782,25,0.3676
Norway,2007,72.9,63.479,83.719,62,0.9118
Pakistan,2007,70.3,63.518,77.806,53,0.7794
Panama,2007,47.3,63.861,35.034,6,0.0882
Paraguay,2007,47.0,63.866,34.588,5,0.0735
Peru,2007,50.0,63.821,39.172,7,0.1029
Poland,2007,66.0,63.582,68.51,36,0.5294
Portugal,2007,63.2,63.624,62.779,26,0.3824
Romania,2007,62.5,63.634,61.386,23,0.3382
Russia,2007,57.7,63.706,52.26,15,0.2206
Serbia,2007,71.3,63.503,80.054,59,0.8676
Slovakia,2007,75.3,63.443,89.373,67,0.9853
Slovenia,2007,75.6,63.439,90.092,68,1.0
Spain,2007,65.9,63.584,68.301,35,0.5147
Sweden,2007,72.9,63.479,83.719,62,0.9118
Switzerland,2007,65.7,63.587,67.884,33,0.4853
Tajikistan,2007,67.8,63.555,72.328,43,0.6324
Tanzania,2007,59.7,63.676,55.972,18,0.2647
Thailand,2007,60.2,63.669,56.92,19,0.2794
Turkey,2007,61.6,63.648,59.618,21,0.3088
Ukraine,2007,73.0,63.478,83.951,64,0.9412
United Kingdom,2007,65.6,63.588,67.676,31,0.4559
United States,2007,58.9,63.688,54.472,16,0.2353
Uruguay,2007,53.6,63.767,45.054,11,0.1618
Albania,2008,70.0,62.871,77.938,60,0.7895
Angola,2008,57.3,63.04,52.083,21,0.2763
Argentina,2008,55.0,63.071,47.962,18,0.2368
Armenia,2008,70.8,62.86,79.743,62,0.8158
Australia,2008,64.6,62.943,66.301,34,0.4474
Austria,2008,69.6,62.876,77.043,59,0.7763
Belarus,2008,72.2,62.841,82.952,67,0.8816
Belgium,2008,71.6,62.849,81.569,65,0.8553
Bolivia,2008,49.2,63.148,38.333,6,0.0789
Brazil,2008,46.0,63.191,33.486,4,0.0526
Bulgaria,2008,66.4,62.919,70.074,43,0.5658
Canada,2008,66.1,62.923,69.438,39,0.5132
China,2008,57.0,63.044,51.535,20,0.2632
Colombia,2008,45.0,63.204,32.039,3,0.0395
Costa Rica,2008,51.4,63.119,41.857,10,0.1316
Ivory Coast,2008,56.8,63.047,51.172,19,0.25
Croatia,2008,66.3,62.92,69.862,42,0.5526
Cyprus,2008,68.3,62.893,74.171,53,0.6974
Czech Republic,2008,73.7,62.821,86.463,73,0.9605
Denmark,2008,74.8,62.807,89.084,75,0.9868
Dominican Republic,2008,51.9,63.112,42.68,11,0.1447
Ecuador,2008,50.2,63.135,39.915,9,0.1184
Egypt,2008,68.9,62.885,75.49,55,0.7237
El Salvador,2008,53.1,63.096,44.688,13,0.1711
Estonia,2008,68.1,62.896,73.735,51,0.6711
Fiji,2008,59.6,63.009,56.375,25,0.3289
Finland,2008,72.2,62.841,82.952,67,0.8816
France,2008,67.0,62.911,71.355,46,0.6053
Georgia,2008,61.5,62.984,60.051,28,0.3684
Germany,2008,69.4,62.879,76.598,57,0.75
Greece,2008,66.4,62.919,70.074,43,0.5658
Honduras,2008,44.5,63.211,31.328,2,0.0263
Hungary,2008,72.5,62.837,83.649,70,0.9211
Iceland,2008,68.2,62.895,73.953,52,0.6842
Indonesia,2008,67.4,62.905,72.216,47,0.6184
Ireland,2008,69.1,62.883,75.932,56,0.7368
Israel,2008,58.4,63.025,54.114,22,0.2895
Italy,2008,66.2,62.921,69.65,40,0.5263
Japan,2008,65.4,62.932,67.965,37,0.4868
Jordan,2008,67.4,62.905,72.216,47,0.6184
Kazakhstan,2008,71.5,62.851,81.34,64,0.8421
South Korea,2008,67.7,62.901,72.865,50,0.6579
Kyrgyzstan,2008,68.5,62.891,74.61,54,0.7105
Latvia,2008,62.8,62.967,62.634,29,0.3816
Lithuania,2008,64.3,62.947,65.682,32,0.4211
Luxembourg,2008,67.4,62.905,72.216,47,0.6184
Malaysia,2008,54.5,63.077,47.089,15,0.1974
Malta,2008,71.0,62.857,80.197,63,0.8289
Mexico,2008,49.2,63.148,38.333,6,0.0789
Moldova,2008,65.3,62.933,67.756,36,0.4737
Montenegro,2008,69.5,62.877,76.82,58,0.7632
Mozambique,2008,54.5,63.077,47.089,15,0.1974
Netherlands,2008,70.7,62.861,79.516,61,0.8026
Macedonia,2008,53.9,63.085,46.052,14,0.1842
Norway,2008,73.0,62.831,84.815,71,0.9342
Panama,2008,47.3,63.173,35.415,5,0.0658
Paraguay,2008,49.3,63.147,38.49,8,0.1053
Peru,2008,52.5,63.104,43.678,12,0.1579
Poland,2008,66.5,62.917,70.287,45,0.5921
Portugal,2008,63.4,62.959,63.844,30,0.3947
Romania,2008,63.6,62.956,64.251,31,0.4079
Russia,2008,58.4,63.025,54.114,22,0.2895
Serbia,2008,72.4,62.839,83.416,69,0.9079
Slovakia,2008,74.0,62.817,87.173,74,0.9737
Slovenia,2008,76.3,62.787,92.722,76,1.0
South Africa,2008,37.5,63.304,22.214,1,0.0132
Spain,2008,65.8,62.927,68.805,38,0.5
Sweden,2008,71.9,62.845,82.259,66,0.8684
Switzerland,2008,66.2,62.921,69.65,40,0.5263
Thailand,2008,59.7,63.008,56.566,26,0.3421
Turkey,2008,61.0,62.991,59.072,27,0.3553
Ukraine,2008,73.4,62.825,85.755,72,0.9474
United Kingdom,2008,64.6,62.943,66.301,34,0.4474
United States,2008,58.9,63.019,55.051,24,0.3158
Uruguay,2008,54.9,63.072,47.787,17,0.2237
Vietnam,2008,64.4,62.945,65.888,33,0.4342
Argentina,2009,56.2,63.355,49.853,19,0.2533
Armenia,2009,72.0,63.142,82.101,62,0.8267
Austria,2009,68.5,63.189,74.257,51,0.68
Belarus,2009,72.3,63.138,82.792,66,0.88
Belgium,2009,71.4,63.15,80.728,60,0.8
Bolivia,2009,50.8,63.428,40.686,8,0.1067
Botswana,2009,43.1,63.532,29.239,1,0.0133
Brazil,2009,46.3,63.489,33.765,3,0.04
Bulgaria,2009,66.2,63.22,69.32,38,0.5067
Burkina Faso,2009,60.2,63.301,57.251,24,0.32
Canada,2009,66.0,63.223,68.899,37,0.4933
Chile,2009,52.6,63.404,43.637,12,0.16
Colombia,2009,45.9,63.495,33.181,2,0.0267
Costa Rica,2009,49.4,63.447,38.463,7,0.0933
Croatia,2009,67.4,63.204,71.875,49,0.6533
Cyprus,2009,67.9,63.197,72.953,50,0.6667
Czech Republic,2009,73.8,63.118,86.29,72,0.96
Denmark,2009,73.3,63.124,85.116,71,0.9467
Dominican Republic,2009,51.1,63.424,41.17,10,0.1333
Ecuador,2009,51.5,63.419,41.821,11,0.1467
El Salvador,2009,54.2,63.382,46.348,15,0.2
Estonia,2009,68.6,63.188,74.476,52,0.6933
Swaziland,2009,48.6,63.458,37.221,5,0.0667
Finland,2009,72.5,63.135,83.254,67,0.8933
France,2009,67.3,63.205,71.66,47,0.6267
Georgia,2009,61.8,63.28,60.355,29,0.3867
Germany,2009,69.6,63.174,76.679,56,0.7467
Greece,2009,66.4,63.218,69.743,40,0.5333
Honduras,2009,48.7,63.457,37.375,6,0.08
Hungary,2009,73.0,63.128,84.415,70,0.9333
Iceland,2009,71.3,63.151,80.5,59,0.7867
India,2009,72.2,63.139,82.561,65,0.8667
Indonesia,2009,66.6,63.215,70.166,41,0.5467
Ireland,2009,67.3,63.205,71.66,47,0.6267
Israel,2009,57.4,63.339,52.018,21,0.28
Italy,2009,66.2,63.22,69.32,38,0.5067
Japan,2009,67.0,63.209,71.018,43,0.5733
Kazakhstan,2009,71.8,63.145,81.642,61,0.8133
Kyrgyzstan,2009,70.1,63.168,77.793,58,0.7733
Latvia,2009,64.1,63.249,64.963,32,0.4267
Lithuania,2009,62.8,63.266,62.337,30,0.4
Luxembourg,2009,68.8,63.185,74.914,53,0.7067
Maldives,2009,61.6,63.282,59.962,28,0.3733
Mali,2009,67.0,63.209,71.018,43,0.5733
Malta,2009,69.8,63.172,77.124,57,0.76
Moldova,2009,67.1,63.208,71.232,45,0.6
Montenegro,2009,69.0,63.182,75.353,54,0.72
Netherlands,2009,72.1,63.141,82.331,64,0.8533
Nicaragua,2009,56.1,63.357,49.674,18,0.24
Macedonia,2009,57.2,63.342,51.654,20,0.2667
Norway,2009,73.8,63.118,86.29,72,0.96
Panama,2009,48.2,63.464,36.607,4,0.0533
Papua New Guinea,2009,58.1,63.33,53.302,22,0.2933
Paraguay,2009,50.9,63.427,40.847,9,0.12
Peru,2009,53.0,63.399,44.307,13,0.1733
Philippines,2009,53.7,63.389,45.492,14,0.1867
Poland,2009,66.6,63.215,70.166,41,0.5467
Portugal,2009,65.1,63.235,67.02,35,0.4667
Romania,2009,64.4,63.245,65.577,33,0.44
Russia,2009,60.2,63.301,57.251,24,0.32
Serbia,2009,72.0,63.142,82.101,62,0.8267
Slovakia,2009,72.8,63.131,83.95,69,0.92
Slovenia,2009,75.2,63.099,89.622,75,1.0
Spain,2009,65.1,63.235,67.02,35,0.4667
Sri Lanka,2009,63.9,63.251,64.555,31,0.4133
Sweden,2009,72.7,63.132,83.718,68,0.9067
Switzerland,2009,67.1,63.208,71.232,45,0.6
Tajikistan,2009,69.2,63.18,75.794,55,0.7333
Thailand,2009,60.4,63.299,57.634,26,0.3467
Turkey,2009,61.0,63.291,58.792,27,0.36
Uganda,2009,55.8,63.361,49.141,17,0.2267
Ukraine,2009,74.7,63.105,88.425,74,0.9867
United Kingdom,2009,64.9,63.238,66.606,34,0.4533
United States,2009,59.1,63.316,55.165,23,0.3067
Uruguay,2009,54.5,63.378,46.865,16,0.2133
Argentina,2010,56.3,64.157,49.406,14,0.1818
Armenia,2010,70.0,63.976,76.591,59,0.7662
Australia,2010,65.3,64.038,66.587,33,0.4286
Austria,2010,69.7,63.98,75.931,55,0.7143
Bangladesh,2010,67.9,64.004,72.033,48,0.6234
Belarus,2010,71.4,63.958,79.708,65,0.8442
Belgium,2010,71.6,63.955,80.159,66,0.8571
Bulgaria,2010,64.3,64.051,64.55,28,0.3636
Canada,2010,66.4,64.024,68.865,40,0.5195
China,2010,56.3,64.157,49.406,14,0.1818
Colombia,2010,45.6,64.297,32.34,2,0.026
Costa Rica,2010,52.0,64.213,42.11,8,0.1039
Croatia,2010,67.6,64.008,71.394,46,0.5974
Cyprus,2010,68.5,63.996,73.321,52,0.6753
Czech Republic,2010,73.4,63.932,84.271,73,0.9481
Denmark,2010,72.8,63.939,82.888,72,0.9351
Dominican Republic,2010,52.7,64.204,43.257,10,0.1299
Ecuador,2010,51.2,64.224,40.817,7,0.0909
Egypt,2010,69.8,63.979,76.151,56,0.7273
El Salvador,2010,56.5,64.154,49.759,16,0.2078
Estonia,2010,68.0,64.003,72.247,50,0.6494
Ethiopia,2010,66.8,64.018,69.702,42,0.5455
Finland,2010,72.3,63.946,81.745,69,0.8961
France,2010,66.3,64.025,68.656,37,0.4805
Georgia,2010,60.5,64.101,57.101,21,0.2727
Germany,2010,69.8,63.979,76.151,56,0.7273
Greece,2010,65.9,64.03,67.824,36,0.4675
Honduras,2010,46.9,64.28,34.219,3,0.039
Hungary,2010,70.6,63.968,77.919,60,0.7792
Iceland,2010,73.8,63.926,85.199,74,0.961
Indonesia,2010,65.4,64.037,66.792,35,0.4545
Ireland,2010,67.7,64.007,71.607,47,0.6104
Israel,2010,57.4,64.142,51.367,17,0.2208
Italy,2010,65.3,64.038,66.587,33,0.4286
Japan,2010,68.5,63.996,73.321,52,0.6753
Jordan,2010,66.3,64.025,68.656,37,0.4805
Kazakhstan,2010,72.0,63.95,81.063,67,0.8701
South Korea,2010,68.0,64.003,72.247,50,0.6494
Kyrgyzstan,2010,69.9,63.978,76.371,58,0.7532
Latvia,2010,65.0,64.042,65.972,32,0.4156
Lithuania,2010,66.4,64.024,68.865,40,0.5195
Luxembourg,2010,69.5,63.983,75.493,54,0.7013
Madagascar,2010,57.6,64.139,51.727,18,0.2338
Malta,2010,71.0,63.963,78.811,61,0.7922
Mexico,2010,52.3,64.209,42.6,9,0.1169
Moldova,2010,67.9,64.004,72.033,48,0.6234
Mongolia,2010,66.9,64.017,69.913,44,0.5714
Montenegro,2010,71.1,63.962,79.035,63,0.8182
Netherlands,2010,72.2,63.947,81.518,68,0.8831
Nigeria,2010,64.3,64.051,64.55,28,0.3636
Macedonia,2010,59.9,64.109,55.967,20,0.2597
Norway,2010,74.3,63.92,86.366,75,0.974
Pakistan,2010,71.2,63.961,79.259,64,0.8312
Panama,2010,48.4,64.261,36.454,5,0.0649
Paraguay,2010,49.0,64.253,37.368,6,0.0779
Peru,2010,54.5,64.18,46.28,12,0.1558
Poland,2010,66.8,64.018,69.702,42,0.5455
Portugal,2010,64.2,64.053,64.348,27,0.3506
Romania,2010,64.5,64.049,64.954,30,0.3896
Russia,2010,60.5,64.101,57.101,21,0.2727
Rwanda,2010,52.8,64.203,43.423,11,0.1429
Serbia,2010,71.0,63.963,78.811,61,0.7922
Slovakia,2010,72.7,63.941,82.659,71,0.9221
Slovenia,2010,75.1,63.909,88.25,76,0.987
South Africa,2010,39.1,64.383,23.746,1,0.013
Spain,2010,64.8,64.045,65.564,31,0.4026
Sweden,2010,72.3,63.946,81.745,69,0.8961
Switzerland,2010,67.4,64.011,70.969,45,0.5844
Thailand,2010,60.6,64.1,57.291,23,0.2987
Tunisia,2010,61.5,64.088,59.016,26,0.3377
Turkey,2010,61.2,64.092,58.438,25,0.3247
Ukraine,2010,75.2,63.908,88.487,77,1.0
United Kingdom,2010,66.3,64.025,68.656,37,0.4805
United States,2010,59.8,64.111,55.779,19,0.2468
Uruguay,2010,55.5,64.167,48.004,13,0.1688
Vietnam,2010,60.7,64.099,57.482,24,0.3117
Zambia,2010,48.0,64.266,35.851,4,0.0519
Argentina,2011,57.3,63.881,51.397,17,0.2267
Armenia,2011,70.6,63.701,78.246,58,0.7733
Austria,2011,69.2,63.72,75.151,53,0.7067
Belarus,2011,72.8,63.672,83.237,69,0.92
Belgium,2011,71.9,63.684,81.176,62,0.8267
Benin,2011,56.6,63.891,50.141,15,0.2
Bolivia,2011,53.9,63.927,45.446,10,0.1333
Bosnia and Herzegovina,2011,66.7,63.754,69.782,39,0.52
Brazil,2011,47.1,64.019,34.652,2,0.0267
Bulgaria,2011,65.7,63.768,67.691,37,0.4933
Canada,2011,67.3,63.746,71.052,45,0.6
Chad,2011,56.7,63.889,50.32,16,0.2133
Chile,2011,53.1,63.938,44.099,9,0.12
China,2011,57.6,63.877,51.94,18,0.24
Colombia,2011,46.7,64.024,34.063,1,0.0133
Republic of the Congo,2011,51.1,63.965,40.823,6,0.08
Costa Rica,2011,51.2,63.964,40.983,7,0.0933
Croatia,2011,67.7,63.741,71.905,49,0.6533
Cyprus,2011,67.4,63.745,71.265,46,0.6133
Czech Republic,2011,73.6,63.661,85.091,72,0.96
Denmark,2011,72.7,63.673,83.007,68,0.9067
Dominican Republic,2011,52.3,63.949,42.773,8,0.1067
Ecuador,2011,54.1,63.924,45.786,12,0.16
El Salvador,2011,57.7,63.876,52.121,19,0.2533
Estonia,2011,67.5,63.743,71.478,47,0.6267
Finland,2011,72.4,63.677,82.318,66,0.88
France,2011,66.7,63.754,69.782,39,0.52
Georgia,2011,60.4,63.839,57.146,26,0.3467
Germany,2011,69.6,63.715,76.029,56,0.7467
Greece,2011,65.2,63.774,66.658,36,0.48
Honduras,2011,47.4,64.015,35.097,3,0.04
Hungary,2011,70.8,63.699,78.693,59,0.7867
Iceland,2011,73.2,63.666,84.161,70,0.9333
India,2011,71.2,63.693,79.591,61,0.8133
Indonesia,2011,62.1,63.816,60.43,28,0.3733
Ireland,2011,67.1,63.749,70.628,44,0.5867
Israel,2011,58.5,63.865,53.586,21,0.28
Italy,2011,64.9,63.778,66.041,35,0.4667
Japan,2011,67.0,63.75,70.416,43,0.5733
Kazakhstan,2011,72.0,63.682,81.404,63,0.84
Kyrgyzstan,2011,72.2,63.68,81.86,64,0.8533
Latvia,2011,64.2,63.788,64.615,33,0.44
Lithuania,2011,67.5,63.743,71.478,47,0.6267
Luxembourg,2011,67.9,63.738,72.334,50,0.6667
Malaysia,2011,56.4,63.893,49.786,14,0.1867
Malta,2011,70.9,63.697,78.917,60,0.8
Moldova,2011,69.4,63.718,75.589,55,0.7333
Mongolia,2011,66.1,63.762,68.524,38,0.5067
Montenegro,2011,69.2,63.72,75.151,53,0.7067
Netherlands,2011,72.2,63.68,81.86,64,0.8533
Niger,2011,68.5,63.73,73.627,52,0.6933
Macedonia,2011,60.6,63.836,57.528,27,0.36
Norway,2011,74.7,63.646,87.674,73,0.9733
Pakistan,2011,70.3,63.705,77.577,57,0.76
Panama,2011,48.7,63.997,37.059,5,0.0667
Paraguay,2011,47.7,64.011,35.545,4,0.0533
Peru,2011,55.3,63.908,47.851,13,0.1733
Poland,2011,66.8,63.753,69.993,41,0.5467
Portugal,2011,63.7,63.795,63.606,31,0.4133
Romania,2011,64.1,63.789,64.412,32,0.4267
Russia,2011,60.3,63.841,56.956,25,0.3333
Senegal,2011,59.7,63.849,55.821,23,0.3067
Slovakia,2011,73.5,63.662,84.858,71,0.9467
Slovenia,2011,75.1,63.641,88.623,74,0.9867
Spain,2011,64.3,63.786,64.818,34,0.4533
Sweden,2011,72.4,63.677,82.318,66,0.88
Switzerland,2011,68.3,63.732,73.195,51,0.68
Tanzania,2011,62.2,63.815,60.626,29,0.3867
Thailand,2011,62.5,63.811,61.216,30,0.4
Togo,2011,54.0,63.926,45.615,11,0.1467
Turkey,2011,60.0,63.845,56.387,24,0.32
Ukraine,2011,75.4,63.636,89.338,75,1.0
United Kingdom,2011,66.8,63.753,69.993,41,0.5467
United States,2011,58.8,63.861,54.14,22,0.2933
Uruguay,2011,57.8,63.874,52.303,20,0.2667
Albania,2012,71.0,63.8,79.013,65,0.8125
Argentina,2012,58.6,63.957,53.692,17,0.2125
Armenia,2012,70.4,63.808,77.674,61,0.7625
Austria,2012,69.5,63.819,75.687,60,0.75
Belarus,2012,73.5,63.768,84.717,75,0.9375
Belgium,2012,72.5,63.781,82.411,71,0.8875
Bolivia,2012,53.4,64.023,44.54,8,0.1
Brazil,2012,46.6,64.109,33.873,2,0.025
Bulgaria,2012,64.0,63.889,64.112,35,0.4375
Canada,2012,66.5,63.857,69.252,48,0.6
China,2012,57.8,63.967,52.227,15,0.1875
Colombia,2012,46.4,64.111,33.582,1,0.0125
Costa Rica,2012,51.6,64.046,41.573,6,0.075
Croatia,2012,67.5,63.844,71.365,54,0.675
Cyprus,2012,65.7,63.867,67.586,44,0.55
Czech Republic,2012,73.9,63.763,85.648,76,0.95
Denmark,2012,72.2,63.785,81.725,68,0.85
Dominican Republic,2012,53.9,64.016,45.382,10,0.125
Ecuador,2012,53.9,64.016,45.382,10,0.125
Egypt,2012,71.7,63.791,80.589,66,0.825
El Salvador,2012,58.2,63.962,52.957,16,0.2
Estonia,2012,67.1,63.849,70.516,53,0.6625
Finland,2012,72.9,63.776,83.329,73,0.9125
France,2012,66.9,63.852,70.094,50,0.625
Georgia,2012,61.0,63.927,58.207,27,0.3375
Germany,2012,69.1,63.824,74.812,58,0.725
Ghana,2012,57.6,63.97,51.865,14,0.175
Greece,2012,63.7,63.892,63.508,34,0.425
Guinea,2012,66.3,63.859,68.834,47,0.5875
Honduras,2012,46.6,64.109,33.873,2,0.025
Hungary,2012,69.2,63.823,75.03,59,0.7375
Iceland,2012,73.2,63.772,84.022,74,0.925
Indonesia,2012,62.9,63.903,61.913,31,0.3875
Iraq,2012,70.5,63.806,77.896,62,0.775
Ireland,2012,66.8,63.853,69.883,49,0.6125
Israel,2012,58.7,63.956,53.876,18,0.225
Italy,2012,64.8,63.878,65.735,41,0.5125
Japan,2012,67.5,63.844,71.365,54,0.675
Kazakhstan,2012,71.8,63.79,80.816,67,0.8375
South Korea,2012,68.4,63.833,73.294,56,0.7
Kyrgyzstan,2012,72.6,63.78,82.64,72,0.9
Laos,2012,64.0,63.889,64.112,35,0.4375
Latvia,2012,64.8,63.878,65.735,41,0.5125
Lithuania,2012,64.9,63.877,65.939,43,0.5375
Luxembourg,2012,65.7,63.867,67.586,44,0.55
Madagascar,2012,57.4,63.972,51.503,13,0.1625
Malta,2012,70.6,63.805,78.119,63,0.7875
Mauritius,2012,61.5,63.92,59.171,29,0.3625
Mexico,2012,50.4,64.061,39.652,5,0.0625
Moldova,2012,70.8,63.803,78.565,64,0.8
Mongolia,2012,66.2,63.861,68.625,46,0.575
Montenegro,2012,58.8,63.954,54.061,19,0.2375
Netherlands,2012,72.4,63.782,82.182,69,0.8625
Nigeria,2012,64.5,63.882,65.124,39,0.4875
Macedonia,2012,61.9,63.915,59.948,30,0.375
Norway,2012,74.3,63.758,86.585,78,0.975
Panama,2012,48.3,64.087,36.402,4,0.05
Paraguay,2012,52.4,64.035,42.879,7,0.0875
Peru,2012,55.6,63.995,48.306,12,0.15
Philippines,2012,53.5,64.022,44.708,9,0.1125
Poland,2012,67.0,63.851,70.305,52,0.65
Portugal,2012,64.0,63.889,64.112,35,0.4375
Romania,2012,63.5,63.895,63.108,33,0.4125
Russia,2012,59.3,63.948,54.99,22,0.275
Serbia,2012,60.1,63.938,56.492,24,0.3
Slovakia,2012,73.9,63.763,85.648,76,0.95
Slovenia,2012,74.4,63.757,86.82,79,0.9875
Solomon Islands,2012,62.9,63.903,61.913,31,0.3875
Spain,2012,64.6,63.881,65.327,40,0.5
Sri Lanka,2012,61.3,63.923,58.785,28,0.35
Sweden,2012,72.4,63.782,82.182,69,0.8625
Switzerland,2012,68.4,63.833,73.294,56,0.7
Thailand,2012,60.7,63.93,57.633,26,0.325
Turkey,2012,59.8,63.942,55.927,23,0.2875
Uganda,2012,59.0,63.952,54.432,21,0.2625
Ukraine,2012,75.3,63.746,88.949,80,1.0
United Kingdom,2012,66.9,63.852,70.094,50,0.625
United States,2012,58.8,63.954,54.061,19,0.2375
Uruguay,2012,60.1,63.938,56.492,24,0.3
Vietnam,2012,64.4,63.884,64.921,38,0.475
Argentina,2013,58.9,63.874,54.313,15,0.2143
Armenia,2013,69.4,63.722,75.584,53,0.7571
Austria,2013,69.2,63.725,75.146,52,0.7429
Belarus,2013,73.4,63.664,84.625,65,0.9286
Belgium,2013,72.3,63.68,82.087,62,0.8857
Bolivia,2013,52.4,63.968,42.924,8,0.1143
Brazil,2013,47.3,64.042,34.935,2,0.0286
Bulgaria,2013,63.4,63.809,62.994,31,0.4429
Canada,2013,66.2,63.768,68.725,40,0.5714
Chile,2013,53.2,63.957,44.253,10,0.1429
China,2013,60.3,63.854,56.944,21,0.3
Colombia,2013,46.5,64.054,33.757,1,0.0143
Costa Rica,2013,50.8,63.991,40.328,5,0.0714
Croatia,2013,68.0,63.742,72.542,47,0.6714
Cyprus,2013,63.0,63.814,62.196,28,0.4
Czech Republic,2013,73.5,63.662,84.858,66,0.9429
Denmark,2013,71.5,63.691,80.266,58,0.8286
Dominican Republic,2013,52.3,63.97,42.759,7,0.1
Ecuador,2013,53.1,63.958,44.085,9,0.1286
El Salvador,2013,56.6,63.907,50.128,13,0.1857
Estonia,2013,64.9,63.787,66.032,38,0.5429
Fiji,2013,63.3,63.81,62.794,30,0.4286
Finland,2013,72.8,63.672,83.236,63,0.9
France,2013,67.5,63.749,71.471,44,0.6286
Georgia,2013,61.4,63.838,59.055,26,0.3714
Germany,2013,68.6,63.733,73.838,51,0.7286
Greece,2013,63.9,63.801,63.999,35,0.5
Honduras,2013,50.0,64.003,39.061,4,0.0571
Hungary,2013,68.5,63.735,73.621,49,0.7
Iceland,2013,74.6,63.646,87.439,69,0.9857
Indonesia,2013,61.1,63.842,58.476,25,0.3571
Ireland,2013,66.5,63.764,69.354,41,0.5857
Israel,2013,60.1,63.857,56.564,20,0.2857
Italy,2013,65.1,63.784,66.443,39,0.5571
Japan,2013,68.5,63.735,73.621,49,0.7
Kazakhstan,2013,72.9,63.671,83.467,64,0.9143
Kyrgyzstan,2013,71.2,63.696,79.588,55,0.7857
Latvia,2013,64.5,63.793,65.215,36,0.5143
Lithuania,2013,64.7,63.79,65.623,37,0.5286
Luxembourg,2013,68.0,63.742,72.542,47,0.6714
Malaysia,2013,58.7,63.877,53.943,14,0.2
Malta,2013,71.2,63.696,79.588,55,0.7857
Moldova,2013,71.5,63.691,80.266,58,0.8286
Montenegro,2013,61.0,63.843,58.283,24,0.3429
Morocco,2013,60.5,63.851,57.325,22,0.3143
Netherlands,2013,71.9,63.686,81.174,60,0.8571
Macedonia,2013,63.8,63.803,63.797,32,0.4571
Norway,2013,73.6,63.661,85.091,67,0.9571
Pakistan,2013,70.5,63.706,78.019,54,0.7714
Panama,2013,48.5,64.025,36.74,3,0.0429
Paraguay,2013,52.1,63.972,42.431,6,0.0857
Peru,2013,56.1,63.914,49.241,12,0.1714
Poland,2013,66.9,63.758,70.197,42,0.6
Portugal,2013,63.8,63.803,63.797,32,0.4571
Romania,2013,63.1,63.813,62.395,29,0.4143
Russia,2013,59.1,63.871,54.685,16,0.2286
Rwanda,2013,54.9,63.932,47.144,11,0.1571
Serbia,2013,60.6,63.849,57.516,23,0.3286
Slovakia,2013,71.9,63.686,81.174,60,0.8571
Slovenia,2013,73.8,63.658,85.558,68,0.9714
Spain,2013,63.8,63.803,63.797,32,0.4571
Sweden,2013,71.2,63.696,79.588,55,0.7857
Switzerland,2013,67.5,63.749,71.471,44,0.6286
Thailand,2013,62.2,63.826,60.615,27,0.3857
Turkey,2013,59.8,63.861,55.997,19,0.2714
Ukraine,2013,75.4,63.635,89.34,70,1.0
United Arab Emirates,2013,67.5,63.749,71.471,44,0.6286
United Kingdom,2013,67.3,63.752,71.045,43,0.6143
United States,2013,59.1,63.871,54.685,16,0.2286
Uruguay,2013,59.5,63.865,55.433,18,0.2571
Albania,2014,65.4,63.368,67.497,42,0.5526
Argentina,2014,58.2,63.464,53.373,17,0.2237
Armenia,2014,68.5,63.327,74.096,54,0.7105
Australia,2014,65.6,63.365,67.913,44,0.5789
Austria,2014,69.5,63.313,76.291,60,0.7895
Belarus,2014,72.8,63.269,83.766,67,0.8816
Belgium,2014,71.9,63.281,81.692,65,0.8553
Bolivia,2014,52.2,63.544,42.881,11,0.1447
Brazil,2014,47.9,63.601,36.075,4,0.0526
Bulgaria,2014,62.6,63.405,61.805,29,0.3816
Burkina Faso,2014,64.7,63.377,66.05,37,0.4868
Cameroon,2014,53.4,63.528,44.887,12,0.1579
Canada,2014,66.8,63.349,70.439,46,0.6053
China,2014,60.8,63.429,58.28,24,0.3158
Colombia,2014,46.4,63.621,33.84,3,0.0395
Costa Rica,2014,51.4,63.555,41.57,9,0.1184
Croatia,2014,67.9,63.335,72.794,51,0.6711
Cyprus,2014,64.4,63.381,65.435,35,0.4605
Czech Republic,2014,74.1,63.252,86.808,74,0.9737
Denmark,2014,71.6,63.285,81.007,63,0.8289
Dominican Republic,2014,55.7,63.497,48.86,15,0.1974
Ecuador,2014,55.0,63.507,47.633,14,0.1842
El Salvador,2014,58.4,63.461,53.742,19,0.25
Estonia,2014,65.4,63.368,67.497,42,0.5526
Finland,2014,73.2,63.264,84.697,69,0.9079
France,2014,67.7,63.337,72.363,50,0.6579
Georgia,2014,62.4,63.408,61.408,28,0.3684
Germany,2014,69.2,63.317,75.629,59,0.7763
Greece,2014,64.2,63.384,65.027,34,0.4474
Guatemala,2014,51.7,63.551,42.059,10,0.1316
Honduras,2014,50.1,63.572,39.483,7,0.0921
Hungary,2014,69.1,63.319,75.409,58,0.7632
Iceland,2014,72.2,63.277,82.381,66,0.8684
Indonesia,2014,61.2,63.424,59.054,25,0.3289
Ireland,2014,68.1,63.332,73.227,53,0.6974
Israel,2014,60.2,63.437,57.128,23,0.3026
Italy,2014,65.3,63.369,67.289,41,0.5395
Japan,2014,68.7,63.324,74.532,55,0.7237
Kazakhstan,2014,73.0,63.267,84.231,68,0.8947
South Korea,2014,68.8,63.323,74.751,56,0.7368
Kyrgyzstan,2014,73.2,63.264,84.697,69,0.9079
Latvia,2014,64.9,63.375,66.462,39,0.5132
Lithuania,2014,62.3,63.409,61.21,27,0.3553
Luxembourg,2014,68.8,63.323,74.751,56,0.7368
Malta,2014,71.0,63.293,79.645,61,0.8026
Mexico,2014,51.1,63.559,41.083,8,0.1053
Moldova,2014,73.2,63.264,84.697,69,0.9079
Mongolia,2014,68.0,63.333,73.011,52,0.6842
Montenegro,2014,61.2,63.424,59.054,25,0.3289
Mozambique,2014,46.0,63.627,33.256,2,0.0263
Netherlands,2014,71.4,63.288,80.552,62,0.8158
Nicaragua,2014,53.8,63.523,45.565,13,0.1711
Niger,2014,65.7,63.364,68.122,45,0.5921
Macedonia,2014,64.8,63.376,66.256,38,0.5
Norway,2014,73.2,63.264,84.697,69,0.9079
Panama,2014,49.5,63.58,38.538,6,0.0789
Paraguay,2014,49.3,63.583,38.226,5,0.0658
Peru,2014,56.9,63.481,51.001,16,0.2105
Poland,2014,67.2,63.344,71.291,48,0.6316
Portugal,2014,64.4,63.381,65.435,35,0.4605
Romania,2014,64.0,63.387,64.619,33,0.4342
Russia,2014,63.1,63.399,62.803,31,0.4079
Serbia,2014,59.6,63.445,55.988,21,0.2763
Slovakia,2014,73.9,63.255,86.337,73,0.9605
Slovenia,2014,74.3,63.249,87.281,75,0.9868
South Africa,2014,40.4,63.701,25.622,1,0.0132
Spain,2014,63.9,63.388,64.416,32,0.4211
Sweden,2014,71.6,63.285,81.007,63,0.8289
Switzerland,2014,67.5,63.34,71.933,49,0.6447
Thailand,2014,63.0,63.4,62.603,30,0.3947
Turkey,2014,58.8,63.456,54.486,20,0.2632
Ukraine,2014,76.0,63.227,91.354,76,1.0
United Kingdom,2014,66.9,63.348,70.651,47,0.6184
United States,2014,58.3,63.463,53.557,18,0.2368
Uruguay,2014,59.9,63.441,56.556,22,0.2895
Vietnam,2014,65.2,63.371,67.082,40,0.5263
Albania,2015,67.2,63.49,71.127,50,0.625
Armenia,2015,67.6,63.485,71.982,54,0.675
Austria,2015,69.5,63.461,76.114,63,0.7875
Belarus,2015,74.4,63.399,87.31,78,0.975
Belgium,2015,72.3,63.425,82.416,70,0.875
Benin,2015,52.4,63.677,43.12,8,0.1
Bolivia,2015,53.3,63.666,44.622,10,0.125
Bosnia and Herzegovina,2015,67.1,63.491,70.914,48,0.6
Botswana,2015,45.1,63.77,31.896,2,0.025
Brazil,2015,48.1,63.732,36.302,4,0.05
Bulgaria,2015,61.4,63.563,59.31,28,0.35
Cape Verde,2015,57.6,63.611,52.157,18,0.225
Canada,2015,66.3,63.501,69.222,46,0.575
Chile,2015,54.7,63.648,47.01,12,0.15
China,2015,61.4,63.563,59.31,28,0.35
Colombia,2015,48.0,63.733,36.151,3,0.0375
Costa Rica,2015,51.6,63.687,41.807,7,0.0875
Ivory Coast,2015,58.5,63.6,53.809,19,0.2375
Croatia,2015,68.9,63.468,74.796,61,0.7625
Cyprus,2015,66.0,63.505,68.593,44,0.55
Czech Republic,2015,74.1,63.403,86.602,77,0.9625
Denmark,2015,71.8,63.432,81.272,68,0.85
Dominican Republic,2015,54.8,63.647,47.183,13,0.1625
Ecuador,2015,54.0,63.657,45.808,11,0.1375
Egypt,2015,68.2,63.477,73.274,56,0.7
El Salvador,2015,59.4,63.589,55.487,23,0.2875
Estonia,2015,67.3,63.489,71.34,52,0.65
Ethiopia,2015,65.0,63.518,66.517,42,0.525
Finland,2015,72.9,63.418,83.8,72,0.9
France,2015,67.3,63.489,71.34,52,0.65
Georgia,2015,63.5,63.537,63.463,32,0.4
Germany,2015,68.6,63.472,74.142,59,0.7375
Greece,2015,64.0,63.53,64.473,35,0.4375
Honduras,2015,50.8,63.697,40.514,6,0.075
Hungary,2015,69.6,63.459,76.335,64,0.8
Iceland,2015,73.2,63.414,84.496,74,0.925
Indonesia,2015,61.8,63.558,60.09,30,0.375
Ireland,2015,68.2,63.477,73.274,56,0.7
Israel,2015,60.3,63.577,57.192,26,0.325
Italy,2015,64.6,63.523,65.695,41,0.5125
Japan,2015,69.3,63.463,75.674,62,0.775
Kazakhstan,2015,73.2,63.414,84.496,74,0.925
Kenya,2015,59.2,63.591,55.112,22,0.275
Kyrgyzstan,2015,71.0,63.442,79.459,67,0.8375
Latvia,2015,65.8,63.508,68.175,43,0.5375
Lithuania,2015,62.6,63.548,61.666,31,0.3875
Luxembourg,2015,67.1,63.491,70.914,48,0.6
Malaysia,2015,58.9,63.595,54.552,21,0.2625
Malta,2015,70.6,63.447,78.56,65,0.8125
Moldova,2015,73.0,63.416,84.032,73,0.9125
Montenegro,2015,61.0,63.568,58.535,27,0.3375
Netherlands,2015,71.8,63.432,81.272,68,0.85
Nigeria,2015,64.1,63.529,64.676,37,0.4625
Macedonia,2015,64.4,63.525,65.287,39,0.4875
Norway,2015,72.5,63.423,82.876,71,0.8875
Pakistan,2015,68.7,63.471,74.36,60,0.75
Panama,2015,49.2,63.718,37.99,5,0.0625
Paraguay,2015,52.4,63.677,43.12,8,0.1
Peru,2015,56.6,63.624,50.351,15,0.1875
Philippines,2015,55.4,63.639,48.227,14,0.175
Poland,2015,68.2,63.477,73.274,56,0.7
Portugal,2015,64.5,63.524,65.491,40,0.5
Romania,2015,64.1,63.529,64.676,37,0.4625
Russia,2015,63.5,63.537,63.463,32,0.4
Serbia,2015,59.5,63.587,55.675,24,0.3
Slovakia,2015,73.5,63.41,85.195,76,0.95
Slovenia,2015,74.6,63.396,87.784,80,1.0
Spain,2015,63.8,63.533,64.068,34,0.425
Sweden,2015,70.8,63.444,79.009,66,0.825
Switzerland,2015,67.7,63.484,72.197,55,0.6875
Tajikistan,2015,66.0,63.505,68.593,44,0.55
Thailand,2015,64.0,63.53,64.473,35,0.4375
Togo,2015,57.0,63.619,51.07,16,0.2
Tunisia,2015,67.2,63.49,71.127,50,0.625
Turkey,2015,57.1,63.618,51.25,17,0.2125
Ukraine,2015,74.5,63.397,87.547,79,0.9875
United Kingdom,2015,66.7,63.496,70.065,47,0.5875
United States,2015,58.5,63.6,53.809,19,0.2375
Uruguay,2015,59.9,63.582,56.431,25,0.3125
Zambia,2015,44.2,63.781,30.63,1,0.0125
Albania,2016,66.3,64.126,68.547,42,0.5455
Argentina,2016,57.7,64.239,51.826,16,0.2078
Armenia,2016,67.5,64.111,71.069,49,0.6364
Australia,2016,66.3,64.126,68.547,42,0.5455
Austria,2016,69.2,64.088,74.72,60,0.7792
Bangladesh,2016,67.6,64.109,71.281,50,0.6494
Barbados,2016,65.9,64.132,67.717,41,0.5325
Belarus,2016,74.7,64.016,87.167,74,0.961
Belgium,2016,72.4,64.046,81.844,67,0.8701
Bolivia,2016,54.8,64.278,46.72,10,0.1299
Brazil,2016,46.6,64.386,33.727,2,0.026
Bulgaria,2016,59.4,64.217,54.944,19,0.2468
Canada,2016,67.3,64.113,70.645,48,0.6234
China,2016,61.5,64.189,58.923,25,0.3247
Colombia,2016,48.3,64.363,36.246,3,0.039
Costa Rica,2016,51.3,64.324,40.913,6,0.0779
Croatia,2016,69.1,64.089,74.502,59,0.7662
Cyprus,2016,67.1,64.116,70.223,46,0.5974
Czech Republic,2016,74.6,64.017,86.932,73,0.9481
Denmark,2016,71.8,64.054,80.483,65,0.8442
Dominican Republic,2016,54.3,64.284,45.866,9,0.1169
Ecuador,2016,55.0,64.275,47.063,11,0.1429
El Salvador,2016,60.0,64.209,56.067,20,0.2597
Estonia,2016,68.8,64.093,73.852,57,0.7403
Swaziland,2016,45.4,64.401,32.005,1,0.013
Finland,2016,72.9,64.039,82.986,70,0.9091
France,2016,68.1,64.103,72.347,52,0.6753
Georgia,2016,63.4,64.164,62.645,31,0.4026
Germany,2016,68.7,64.095,73.636,55,0.7143
Ghana,2016,56.5,64.255,49.681,14,0.1818
Greece,2016,65.0,64.143,65.868,37,0.4805
Honduras,2016,50.2,64.338,39.169,5,0.0649
Hungary,2016,69.7,64.082,75.811,61,0.7922
Iceland,2016,72.8,64.041,82.757,68,0.8831
Indonesia,2016,63.1,64.168,62.049,28,0.3636
Ireland,2016,67.2,64.114,70.434,47,0.6104
Israel,2016,61.0,64.196,57.963,23,0.2987
Italy,2016,64.8,64.146,65.461,34,0.4416
Japan,2016,68.2,64.101,72.561,53,0.6883
Kazakhstan,2016,72.8,64.041,82.757,68,0.8831
South Korea,2016,64.8,64.146,65.461,34,0.4416
Kyrgyzstan,2016,73.2,64.036,83.676,71,0.9221
Latvia,2016,65.7,64.134,67.304,40,0.5195
Lithuania,2016,61.6,64.188,59.116,27,0.3506
Luxembourg,2016,68.3,64.1,72.775,54,0.7013
Maldives,2016,68.7,64.095,73.636,55,0.7143
Malta,2016,70.9,64.066,78.463,63,0.8182
Mexico,2016,53.1,64.3,43.851,8,0.1039
Moldova,2016,73.7,64.029,84.832,72,0.9351
Mongolia,2016,67.7,64.108,71.493,51,0.6623
Montenegro,2016,61.5,64.189,58.923,25,0.3247
Netherlands,2016,71.8,64.054,80.483,65,0.8442
Macedonia,2016,65.5,64.137,66.892,38,0.4935
Norway,2016,71.5,64.058,79.807,64,0.8312
Panama,2016,49.6,64.346,38.233,4,0.0519
Paraguay,2016,52.1,64.313,42.206,7,0.0909
Peru,2016,56.4,64.257,49.504,13,0.1688
Poland,2016,68.8,64.093,73.852,57,0.7403
Portugal,2016,64.8,64.146,65.461,34,0.4416
Romania,2016,65.6,64.136,67.098,39,0.5065
Russia,2016,63.3,64.166,62.446,29,0.3766
Rwanda,2016,56.3,64.258,49.328,12,0.1558
Serbia,2016,61.2,64.193,58.346,24,0.3117
Slovakia,2016,74.8,64.014,87.403,75,0.974
Slovenia,2016,75.2,64.009,88.347,77,1.0
Spain,2016,64.2,64.154,64.246,32,0.4156
Sri Lanka,2016,60.7,64.2,57.391,22,0.2857
Sweden,2016,70.4,64.072,77.353,62,0.8052
Switzerland,2016,67.0,64.117,70.013,45,0.5844
Thailand,2016,63.3,64.166,62.446,29,0.3766
Turkey,2016,58.1,64.234,52.552,17,0.2208
Uganda,2016,57.2,64.246,50.927,15,0.1948
Ukraine,2016,75.0,64.012,87.874,76,0.987
United Kingdom,2016,66.9,64.118,69.802,44,0.5714
United States,2016,58.7,64.226,53.649,18,0.2338
Uruguay,2016,60.3,64.205,56.632,21,0.2727
Vietnam,2016,64.7,64.147,65.257,33,0.4286
Albania,2017,66.9,64.901,68.96,41,0.5857
Argentina,2017,58.6,65.022,52.812,13,0.1857
Armenia,2017,66.4,64.909,67.926,39,0.5571
Austria,2017,70.3,64.852,76.205,53,0.7571
Belarus,2017,74.6,64.79,85.896,67,0.9571
Belgium,2017,72.6,64.819,81.315,60,0.8571
Bolivia,2017,55.4,65.068,47.168,9,0.1286
Brazil,2017,46.7,65.194,33.452,1,0.0143
Bulgaria,2017,59.6,65.007,54.643,15,0.2143
Canada,2017,66.7,64.904,68.545,40,0.5714
Chile,2017,54.7,65.078,45.977,7,0.1
China,2017,60.9,64.988,57.069,17,0.2429
Colombia,2017,49.1,65.159,36.999,2,0.0286
Costa Rica,2017,51.7,65.122,41.045,6,0.0857
Croatia,2017,69.6,64.862,74.684,51,0.7286
Cyprus,2017,68.6,64.877,72.537,47,0.6714
Czech Republic,2017,75.1,64.783,87.061,68,0.9714
Denmark,2017,71.3,64.838,78.406,57,0.8143
Dominican Republic,2017,57.8,65.033,51.371,12,0.1714
Ecuador,2017,55.3,65.07,46.997,8,0.1143
Egypt,2017,68.5,64.878,72.324,46,0.6571
El Salvador,2017,62.0,64.972,59.164,19,0.2714
Estonia,2017,69.6,64.862,74.684,51,0.7286
Finland,2017,72.6,64.819,81.315,60,0.8571
France,2017,68.4,64.88,72.111,45,0.6429
Gabon,2017,62.0,64.972,59.164,19,0.2714
Georgia,2017,62.1,64.971,59.356,21,0.3
Germany,2017,68.7,64.875,72.75,49,0.7
Greece,2017,65.6,64.92,66.287,36,0.5143
Honduras,2017,50.6,65.138,39.307,4,0.0571
Hungary,2017,69.4,64.865,74.252,50,0.7143
Iceland,2017,73.9,64.8,84.278,64,0.9143
Indonesia,2017,63.6,64.949,62.279,25,0.3571
Ireland,2017,68.6,64.877,72.537,47,0.6714
Israel,2017,61.8,64.975,58.78,18,0.2571
Italy,2017,64.1,64.942,63.269,29,0.4143
Japan,2017,68.2,64.883,71.687,44,0.6286
Kazakhstan,2017,72.5,64.82,81.09,59,0.8429
South Korea,2017,65.1,64.928,65.273,33,0.4714
Kyrgyzstan,2017,72.7,64.817,81.541,62,0.8857
Latvia,2017,64.4,64.938,63.867,30,0.4286
Lithuania,2017,62.7,64.962,60.516,22,0.3143
Luxembourg,2017,65.5,64.922,66.083,35,0.5
Malta,2017,70.8,64.845,77.302,55,0.7857
Mauritius,2017,63.2,64.955,61.492,24,0.3429
Moldova,2017,74.1,64.797,84.739,66,0.9429
Montenegro,2017,63.1,64.957,61.297,23,0.3286
Netherlands,2017,71.5,64.835,78.85,58,0.8286
Macedonia,2017,65.8,64.917,66.695,37,0.5286
Norway,2017,73.0,64.813,82.221,63,0.9
Panama,2017,50.1,65.145,38.53,3,0.0429
Paraguay,2017,51.5,65.125,40.726,5,0.0714
Peru,2017,56.7,65.049,49.422,11,0.1571
Poland,2017,70.3,64.852,76.205,53,0.7571
Portugal,2017,66.2,64.912,67.514,38,0.5429
Qatar,2017,64.9,64.93,64.87,32,0.4571
Romania,2017,64.0,64.943,63.07,28,0.4
Russia,2017,64.5,64.936,64.067,31,0.4429
Serbia,2017,63.9,64.945,62.872,27,0.3857
Slovakia,2017,76.8,64.758,91.081,70,1.0
Slovenia,2017,75.8,64.772,88.705,69,0.9857
Spain,2017,65.3,64.925,65.678,34,0.4857
Sweden,2017,71.2,64.839,78.185,56,0.8
Switzerland,2017,67.3,64.896,69.793,42,0.6
Thailand,2017,63.6,64.949,62.279,25,0.3571
Turkey,2017,56.5,65.052,49.072,10,0.1429
Ukraine,2017,74.0,64.799,84.508,65,0.9286
United Kingdom,2017,67.4,64.894,70.003,43,0.6143
United States,2017,58.6,65.022,52.812,13,0.1857
Uruguay,2017,60.5,64.994,56.317,16,0.2286
Albania,2018,69.9,64.303,75.984,67,0.7701
Angola,2018,48.7,64.55,36.742,3,0.0345
Argentina,2018,58.3,64.438,52.746,18,0.2069
Armenia,2018,65.6,64.353,66.871,49,0.5632
Australia,2018,65.7,64.352,67.076,50,0.5747
Austria,2018,69.2,64.312,74.46,63,0.7241
Belarus,2018,74.8,64.247,87.087,84,0.9655
Belgium,2018,72.8,64.27,82.462,79,0.908
Belize,2018,60.1,64.417,56.072,22,0.2529
Benin,2018,62.1,64.394,59.888,29,0.3333
Bolivia,2018,57.4,64.449,51.122,12,0.1379
Brazil,2018,46.1,64.58,32.908,1,0.0115
Bulgaria,2018,58.7,64.434,53.477,19,0.2184
Burkina Faso,2018,57.0,64.453,50.408,11,0.1264
Canada,2018,67.5,64.331,70.825,60,0.6897
Chad,2018,62.5,64.39,60.666,30,0.3448
China,2018,61.5,64.401,58.73,27,0.3103
Colombia,2018,48.4,64.553,36.289,2,0.023
Costa Rica,2018,52.0,64.512,41.915,6,0.069
Ivory Coast,2018,62.8,64.386,61.253,32,0.3678
Croatia,2018,70.3,64.299,76.861,69,0.7931
Cyprus,2018,67.3,64.334,70.403,58,0.6667
Czech Republic,2018,75.0,64.244,87.557,85,0.977
Denmark,2018,71.8,64.281,80.198,73,0.8391
Dominican Republic,2018,56.3,64.462,49.172,10,0.1149
Ecuador,2018,54.6,64.481,46.233,9,0.1034
El Salvador,2018,61.4,64.402,58.538,25,0.2874
Estonia,2018,69.7,64.306,75.547,65,0.7471
Finland,2018,72.7,64.271,82.235,78,0.8966
France,2018,67.6,64.33,71.036,61,0.7011
Georgia,2018,63.6,64.377,62.833,34,0.3908
Germany,2018,68.1,64.324,72.097,62,0.7126
Greece,2018,67.1,64.336,69.983,56,0.6437
Guinea,2018,70.4,64.298,77.081,70,0.8046
Honduras,2018,51.1,64.522,40.47,5,0.0575
Iceland,2018,73.4,64.263,83.836,80,0.9195
Indonesia,2018,63.7,64.376,63.032,36,0.4138
Ireland,2018,69.4,64.309,74.894,64,0.7356
Israel,2018,61.4,64.402,58.538,25,0.2874
Italy,2018,64.8,64.363,65.24,44,0.5057
Jamaica,2018,64.7,64.364,65.038,42,0.4828
Japan,2018,67.1,64.336,69.983,56,0.6437
Kazakhstan,2018,72.2,64.277,81.1,75,0.8621
South Korea,2018,66.3,64.345,68.314,51,0.5862
Kyrgyzstan,2018,72.3,64.276,81.326,76,0.8736
Laos,2018,61.2,64.405,58.155,24,0.2759
Latvia,2018,64.9,64.362,65.443,45,0.5172
Lithuania,2018,64.3,64.369,64.231,39,0.4483
Luxembourg,2018,64.6,64.365,64.836,41,0.4713
Malaysia,2018,58.8,64.433,53.66,20,0.2299
Mali,2018,64.0,64.372,63.63,37,0.4253
Malta,2018,71.3,64.287,79.078,72,0.8276
Mexico,2018,54.0,64.488,45.217,7,0.0805
Moldova,2018,74.3,64.252,85.919,83,0.954
Mongolia,2018,67.3,64.334,70.403,58,0.6667
Montenegro,2018,63.2,64.381,62.04,33,0.3793
Netherlands,2018,71.9,64.28,80.423,74,0.8506
Niger,2018,62.7,64.387,61.057,31,0.3563
Nigeria,2018,64.9,64.362,65.443,45,0.5172
Macedonia,2018,67.0,64.337,69.773,55,0.6322
Norway,2018,72.4,64.274,81.553,77,0.8851
Pakistan,2018,70.4,64.298,77.081,70,0.8046
Panama,2018,50.8,64.526,39.994,4,0.046
Paraguay,2018,54.0,64.488,45.217,7,0.0805
Peru,2018,57.6,64.447,51.481,14,0.1609
Philippines,2018,57.7,64.445,51.661,16,0.1839
Poland,2018,69.8,64.305,75.765,66,0.7586
Portugal,2018,66.5,64.343,68.729,53,0.6092
Romania,2018,64.2,64.37,64.031,38,0.4368
Russia,2018,64.7,64.364,65.038,42,0.4828
Senegal,2018,61.7,64.399,59.114,28,0.3218
Serbia,2018,65.0,64.36,65.646,47,0.5402
Slovakia,2018,75.0,64.244,87.557,85,0.977
Slovenia,2018,75.4,64.24,88.499,87,1.0
Spain,2018,65.3,64.357,66.257,48,0.5517
Sweden,2018,70.0,64.302,76.203,68,0.7816
Switzerland,2018,66.9,64.338,69.564,54,0.6207
Tanzania,2018,59.5,64.424,54.952,21,0.2414
Thailand,2018,63.6,64.377,62.833,34,0.3908
Togo,2018,57.5,64.448,51.301,13,0.1494
Turkey,2018,57.6,64.447,51.481,14,0.1609
Ukraine,2018,73.9,64.257,84.99,82,0.9425
United Arab Emirates,2018,73.6,64.26,84.297,81,0.931
United Kingdom,2018,66.3,64.345,68.314,51,0.5862
United States,2018,58.2,64.44,52.565,17,0.1954
Uruguay,2018,60.3,64.415,56.448,23,0.2644
Vietnam,2018,64.3,64.369,64.231,39,0.4483
Albania,2019,69.9,65.093,75.062,51,0.7286
Argentina,2019,56.7,65.284,49.245,10,0.1429
Armenia,2019,70.0,65.091,75.279,52,0.7429
Austria,2019,69.8,65.094,74.846,50,0.7143
Belarus,2019,74.7,65.023,85.817,67,0.9571
Belgium,2019,72.8,65.051,81.472,63,0.9
Bolivia,2019,58.4,65.259,52.262,14,0.2
Brazil,2019,46.5,65.432,33.046,1,0.0143
Bulgaria,2019,59.7,65.241,54.63,16,0.2286
Canada,2019,68.2,65.117,71.429,43,0.6143
China,2019,61.8,65.21,58.568,20,0.2857
Colombia,2019,47.5,65.417,34.49,2,0.0286
Costa Rica,2019,51.8,65.355,41.056,5,0.0714
Croatia,2019,71.1,65.075,77.682,57,0.8143
Cyprus,2019,68.8,65.109,72.701,44,0.6286
Czech Republic,2019,74.7,65.023,85.817,67,0.9571
Denmark,2019,72.3,65.058,80.348,60,0.8571
Dominican Republic,2019,58.1,65.264,51.723,12,0.1714
Ecuador,2019,54.3,65.319,45.14,7,0.1
Egypt,2019,68.1,65.119,71.218,42,0.6
El Salvador,2019,61.2,65.219,57.429,18,0.2571
Estonia,2019,69.2,65.103,73.555,47,0.6714
Fiji,2019,69.3,65.101,73.769,48,0.6857
Finland,2019,72.3,65.058,80.348,60,0.8571
France,2019,68.8,65.109,72.701,44,0.6286
Georgia,2019,64.1,65.177,63.041,22,0.3143
Germany,2019,67.8,65.123,70.587,41,0.5857
Greece,2019,66.9,65.136,68.712,37,0.5286
Honduras,2019,51.8,65.355,41.056,5,0.0714
Iceland,2019,73.2,65.045,82.378,64,0.9143
Indonesia,2019,64.6,65.17,64.035,25,0.3571
Ireland,2019,69.7,65.096,74.63,49,0.7
Israel,2019,61.7,65.212,58.378,19,0.2714
Italy,2019,65.4,65.158,65.643,29,0.4143
Japan,2019,67.0,65.135,68.919,38,0.5429
Kazakhstan,2019,72.0,65.062,79.677,59,0.8429
South Korea,2019,66.8,65.138,68.505,36,0.5143
Kyrgyzstan,2019,70.3,65.087,75.931,53,0.7571
Latvia,2019,65.5,65.157,65.845,30,0.4286
Lithuania,2019,64.7,65.168,64.235,26,0.3714
Luxembourg,2019,65.8,65.152,66.454,33,0.4714
Maldives,2019,70.7,65.081,76.804,54,0.7714
Malta,2019,69.0,65.106,73.127,46,0.6571
Moldova,2019,74.0,65.033,84.203,66,0.9429
Montenegro,2019,64.3,65.174,63.438,23,0.3286
Mozambique,2019,49.3,65.391,37.168,3,0.0429
Netherlands,2019,70.8,65.08,77.023,56,0.8
Macedonia,2019,66.5,65.142,67.886,35,0.5
Norway,2019,72.3,65.058,80.348,60,0.8571
Panama,2019,50.2,65.378,38.546,4,0.0571
Paraguay,2019,54.3,65.319,45.14,7,0.1
Peru,2019,58.5,65.258,52.442,15,0.2143
Poland,2019,71.2,65.074,77.903,58,0.8286
Portugal,2019,67.2,65.132,69.334,39,0.5571
Romania,2019,65.2,65.161,65.239,28,0.4
Russia,2019,64.3,65.174,63.438,23,0.3286
Serbia,2019,65.5,65.157,65.845,30,0.4286
Slovakia,2019,76.8,64.993,90.752,70,1.0
Slovenia,2019,75.6,65.01,87.915,69,0.9857
Spain,2019,65.7,65.154,66.251,32,0.4571
Sri Lanka,2019,62.3,65.203,59.526,21,0.3
Sweden,2019,70.7,65.081,76.804,54,0.7714
Switzerland,2019,66.0,65.149,66.862,34,0.4857
Thailand,2019,65.1,65.162,65.038,27,0.3857
Turkey,2019,56.2,65.291,48.375,9,0.1286
Uganda,2019,57.3,65.275,50.299,11,0.1571
Ukraine,2019,73.4,65.042,82.832,65,0.9286
United Kingdom,2019,67.2,65.132,69.334,39,0.5571
United States,2019,58.1,65.264,51.723,12,0.1714
Uruguay,2019,60.3,65.232,55.741,17,0.2429
Albania,2020,70.6,65.584,75.999,47,0.7344
Argentina,2020,57.3,65.795,49.902,11,0.1719
Armenia,2020,74.9,65.516,85.628,60,0.9375
Australia,2020,66.2,65.654,66.751,31,0.4844
Austria,2020,70.2,65.59,75.133,45,0.7031
Belarus,2020,75.6,65.505,87.251,62,0.9688
Belgium,2020,74.0,65.53,83.565,57,0.8906
Bolivia,2020,56.4,65.81,48.336,8,0.125
Brazil,2020,51.2,65.892,39.784,3,0.0469
Bulgaria,2020,59.5,65.76,53.836,12,0.1875
Canada,2020,70.1,65.592,74.918,44,0.6875
Chile,2020,53.0,65.863,42.649,5,0.0781
China,2020,62.9,65.706,60.214,17,0.2656
Colombia,2020,45.6,65.981,31.515,1,0.0156
Costa Rica,2020,50.8,65.898,39.161,2,0.0312
Croatia,2020,70.5,65.586,75.783,46,0.7188
Cyprus,2020,68.3,65.621,71.089,40,0.625
Czech Republic,2020,73.8,65.533,83.109,56,0.875
Denmark,2020,72.5,65.554,80.182,54,0.8438
Dominican Republic,2020,60.4,65.746,55.489,15,0.2344
Ecuador,2020,52.7,65.868,42.164,4,0.0625
Estonia,2020,69.3,65.605,73.203,42,0.6562
Finland,2020,72.9,65.548,81.077,55,0.8594
France,2020,69.3,65.605,73.203,42,0.6562
Georgia,2020,65.5,65.665,65.335,30,0.4688
Germany,2020,67.5,65.633,69.42,38,0.5938
Greece,2020,66.4,65.651,67.158,34,0.5312
Indonesia,2020,64.7,65.678,63.737,23,0.3594
Ireland,2020,70.8,65.581,76.434,48,0.75
Israel,2020,62.2,65.717,58.871,16,0.25
Italy,2020,64.8,65.676,63.935,24,0.375
Japan,2020,67.7,65.63,69.835,39,0.6094
Kazakhstan,2020,71.3,65.573,77.527,51,0.7969
Kenya,2020,63.8,65.692,61.962,19,0.2969
South Korea,2020,67.3,65.637,69.006,36,0.5625
Kyrgyzstan,2020,71.0,65.578,76.871,49,0.7656
Latvia,2020,64.3,65.684,62.945,21,0.3281
Lithuania,2020,64.0,65.689,62.355,20,0.3125
Luxembourg,2020,66.6,65.648,67.566,35,0.5469
Malta,2020,68.6,65.616,71.72,41,0.6406
Mexico,2020,55.4,65.825,46.626,6,0.0938
Moldova,2020,75.0,65.514,85.859,61,0.9531
Montenegro,2020,64.6,65.679,63.538,22,0.3438
Netherlands,2020,74.0,65.53,83.565,57,0.8906
Norway,2020,71.6,65.568,78.187,53,0.8281
Paraguay,2020,56.5,65.808,48.509,9,0.1406
Peru,2020,56.3,65.811,48.163,7,0.1094
Poland,2020,71.5,65.57,77.966,52,0.8125
Portugal,2020,65.3,65.668,64.934,28,0.4375
Romania,2020,65.4,65.667,65.134,29,0.4531
Russia,2020,66.3,65.652,66.954,32,0.5
Serbia,2020,65.0,65.673,64.334,25,0.3906
Slovakia,2020,75.8,65.502,87.718,63,0.9844
Slovenia,2020,76.0,65.498,88.185,64,1.0
Spain,2020,65.1,65.671,64.534,27,0.4219
Sweden,2020,71.1,65.576,77.089,50,0.7812
Switzerland,2020,66.3,65.652,66.954,32,0.5
Thailand,2020,65.0,65.673,64.334,25,0.3906
Turkey,2020,57.0,65.8,49.377,10,0.1562
Ukraine,2020,74.4,65.524,84.479,59,0.9219
United Kingdom,2020,67.3,65.637,69.006,36,0.5625
United States,2020,60.0,65.752,54.751,14,0.2188
Uruguay,2020,59.8,65.756,54.384,13,0.2031
Vietnam,2020,63.2,65.702,60.794,18,0.2812
Argentina,2021,57.6,65.176,50.905,8,0.1053
Armenia,2021,72.1,64.983,79.997,69,0.9079
Austria,2021,69.3,65.02,73.862,58,0.7632
Belgium,2021,73.4,64.965,82.93,71,0.9342
Benin,2021,65.6,65.069,66.135,35,0.4605
Bolivia,2021,59.1,65.156,53.607,10,0.1316
Bosnia and Herzegovina,2021,69.7,65.015,74.723,59,0.7763
Brazil,2021,47.1,65.316,33.964,2,0.0263
Bulgaria,2021,61.0,65.131,57.131,17,0.2237
Burkina Faso,2021,62.6,65.109,60.187,23,0.3026
Cameroon,2021,57.8,65.173,51.261,9,0.1184
Canada,2021,68.9,65.025,73.006,56,0.7368
China,2021,64.3,65.087,63.523,27,0.3553
Colombia,2021,44.9,65.345,30.852,1,0.0132
Costa Rica,2021,51.3,65.26,40.326,4,0.0526
Ivory Coast,2021,64.7,65.081,64.321,30,0.3947
Croatia,2021,71.1,64.996,77.777,64,0.8421
Cyprus,2021,68.7,65.028,72.579,55,0.7237
Czech Republic,2021,73.8,64.96,83.843,72,0.9474
Denmark,2021,71.7,64.988,79.105,68,0.8947
Dominican Republic,2021,61.5,65.124,58.078,20,0.2632
Ecuador,2021,54.2,65.221,45.041,5,0.0658
Egypt,2021,71.5,64.991,78.661,66,0.8684
El Salvador,2021,61.0,65.131,57.131,17,0.2237
Estonia,2021,68.2,65.035,71.519,52,0.6842
Ethiopia,2021,68.9,65.025,73.006,56,0.7368
Finland,2021,72.3,64.98,80.445,70,0.9211
France,2021,68.5,65.031,72.154,54,0.7105
Georgia,2021,65.8,65.067,66.542,38,0.5
Germany,2021,66.4,65.059,67.769,43,0.5658
Greece,2021,67.1,65.049,69.215,45,0.5921
Indonesia,2021,64.5,65.084,63.921,29,0.3816
Ireland,2021,70.6,65.003,76.679,61,0.8026
Israel,2021,62.1,65.116,59.224,21,0.2763
Italy,2021,65.2,65.075,65.326,33,0.4342
Jamaica,2021,60.1,65.143,55.448,15,0.1974
Kazakhstan,2021,70.8,65.0,77.118,62,0.8158
Kenya,2021,61.3,65.127,57.698,19,0.25
South Korea,2021,67.1,65.049,69.215,45,0.5921
Kyrgyzstan,2021,71.2,64.995,77.998,65,0.8553
Latvia,2021,65.7,65.068,66.338,36,0.4737
Lithuania,2021,63.3,65.1,61.55,25,0.3289
Luxembourg,2021,67.3,65.047,69.631,49,0.6447
Madagascar,2021,63.2,65.101,61.354,24,0.3158
Malaysia,2021,59.3,65.153,53.973,12,0.1579
Mali,2021,64.3,65.087,63.523,27,0.3553
Malta,2021,68.4,65.032,71.942,53,0.6974
Moldova,2021,74.3,64.953,84.992,73,0.9605
Montenegro,2021,65.7,65.068,66.338,36,0.4737
Netherlands,2021,74.3,64.953,84.992,73,0.9605
Niger,2021,67.1,65.049,69.215,45,0.5921
Norway,2021,70.9,64.999,77.337,63,0.8289
Panama,2021,49.1,65.289,36.925,3,0.0395
Paraguay,2021,57.1,65.183,50.02,7,0.0921
Peru,2021,59.9,65.145,55.077,14,0.1842
Philippines,2021,59.3,65.153,53.973,12,0.1579
Poland,2021,71.5,64.991,78.661,66,0.8684
Portugal,2021,65.4,65.072,65.73,34,0.4474
Romania,2021,66.1,65.063,67.154,39,0.5132
Russia,2021,64.9,65.079,64.722,31,0.4079
Senegal,2021,63.8,65.093,62.532,26,0.3421
Serbia,2021,66.9,65.052,68.8,44,0.5789
Slovakia,2021,75.9,64.932,88.721,76,1.0
Slovenia,2021,75.7,64.935,88.25,75,0.9868
Spain,2021,66.1,65.063,67.154,39,0.5132
Sweden,2021,70.2,65.008,75.807,60,0.7895
Switzerland,2021,66.2,65.061,67.359,41,0.5395
Tajikistan,2021,67.6,65.043,70.258,50,0.6579
Thailand,2021,65.1,65.076,65.124,32,0.4211
Togo,2021,62.1,65.116,59.224,21,0.2763
Tunisia,2021,66.3,65.06,67.564,42,0.5526
Turkey,2021,55.6,65.203,47.412,6,0.0789
United Kingdom,2021,67.6,65.043,70.258,50,0.6579
United States,2021,60.3,65.14,55.82,16,0.2105
Uruguay,2021,59.2,65.155,53.79,11,0.1447
Uzbekistan,2021,67.1,65.049,69.215,45,0.5921
Argentina,2022,59.3,64.389,54.613,14,0.2121
Armenia,2022,72.1,64.192,80.982,57,0.8636
Austria,2022,69.1,64.238,74.329,51,0.7727
Bangladesh,2022,69.1,64.238,74.329,51,0.7727
Belgium,2022,73.6,64.169,84.417,60,0.9091
Bolivia,2022,58.8,64.397,53.69,13,0.197
Brazil,2022,48.1,64.562,35.836,3,0.0455
Bulgaria,2022,61.8,64.351,59.35,22,0.3333
Canada,2022,68.5,64.248,73.034,46,0.697
Chad,2022,62.6,64.338,60.909,23,0.3485
Chile,2022,56.8,64.428,50.075,11,0.1667
China,2022,64.0,64.317,63.685,28,0.4242
Colombia,2022,45.2,64.606,31.623,1,0.0152
Costa Rica,2022,52.8,64.489,43.23,6,0.0909
Croatia,2022,70.0,64.225,76.295,53,0.803
Cyprus,2022,68.5,64.248,73.034,46,0.697
Czech Republic,2022,74.1,64.162,85.578,62,0.9394
Denmark,2022,70.7,64.214,77.841,55,0.8333
Dominican Republic,2022,63.0,64.332,61.695,24,0.3636
Ecuador,2022,54.5,64.463,46.077,7,0.1061
El Salvador,2022,61.2,64.36,58.195,19,0.2879
Estonia,2022,67.7,64.26,71.324,43,0.6515
Finland,2022,72.1,64.192,80.982,57,0.8636
France,2022,68.8,64.243,73.68,49,0.7424
Georgia,2022,66.5,64.278,68.798,40,0.6061
Germany,2022,66.3,64.282,68.382,36,0.5455
Greece,2022,66.6,64.277,69.007,41,0.6212
India,2022,74.5,64.155,86.513,64,0.9697
Indonesia,2022,64.5,64.309,64.691,29,0.4394
Ireland,2022,70.1,64.223,76.515,54,0.8182
Israel,2022,61.7,64.352,59.157,21,0.3182
Italy,2022,66.3,64.282,68.382,36,0.5455
Kenya,2022,61.5,64.355,58.771,20,0.303
Kyrgyzstan,2022,73.6,64.169,84.417,60,0.9091
Latvia,2022,66.3,64.282,68.382,36,0.5455
Lithuania,2022,63.4,64.326,62.487,25,0.3788
Luxembourg,2022,65.9,64.288,67.553,32,0.4848
Malta,2022,65.4,64.295,66.524,30,0.4545
Mexico,2022,56.5,64.432,49.544,10,0.1515
Moldova,2022,74.1,64.162,85.578,62,0.9394
Mongolia,2022,68.6,64.246,73.249,48,0.7273
Mozambique,2022,50.4,64.526,39.366,5,0.0758
Nigeria,2022,66.1,64.285,67.967,33,0.5
Norway,2022,73.1,64.177,83.264,59,0.8939
Paraguay,2022,55.4,64.449,47.621,8,0.1212
Peru,2022,59.7,64.383,55.358,16,0.2424
Poland,2022,71.1,64.208,78.732,56,0.8485
Portugal,2022,63.7,64.322,63.084,26,0.3939
Romania,2022,67.7,64.26,71.324,43,0.6515
Russia,2022,66.1,64.285,67.967,33,0.5
Serbia,2022,67.2,64.268,70.266,42,0.6364
Slovakia,2022,75.9,64.134,89.825,66,1.0
Slovenia,2022,75.7,64.137,89.348,65,0.9848
South Africa,2022,45.9,64.595,32.615,2,0.0303
Spain,2022,66.4,64.28,68.59,39,0.5909
Suriname,2022,60.8,64.366,57.431,18,0.2727
Sweden,2022,68.4,64.249,72.819,45,0.6818
Switzerland,2022,66.2,64.283,68.174,35,0.5303
Tajikistan,2022,60.5,64.371,56.862,17,0.2576
Thailand,2022,65.7,64.291,67.14,31,0.4697
Turkey,2022,55.5,64.448,47.795,9,0.1364
United States,2022,58.3,64.405,52.774,12,0.1818
Uruguay,2022,59.4,64.388,54.799,15,0.2273
Uzbekistan,2022,68.8,64.243,73.68,49,0.7424
Vietnam,2022,63.9,64.318,63.484,27,0.4091
Zambia,2022,48.5,64.555,36.438,4,0.0606
Argentina,2023,57.6,64.732,51.254,10,0.1852
Armenia,2023,72.8,64.445,82.238,47,0.8704
Austria,2023,68.8,64.521,73.363,37,0.6852
Belgium,2023,73.2,64.438,83.154,49,0.9074
Bolivia,2023,57.9,64.726,51.794,11,0.2037
Brazil,2023,48.5,64.904,36.242,2,0.037
Bulgaria,2023,60.5,64.677,56.592,16,0.2963
Colombia,2023,45.4,64.962,31.729,1,0.0185
Costa Rica,2023,53.3,64.813,43.832,5,0.0926
Croatia,2023,69.9,64.5,75.752,39,0.7222
Cyprus,2023,68.2,64.532,72.076,34,0.6296
Czech Republic,2023,74.3,64.417,85.699,52,0.963
Denmark,2023,70.1,64.496,76.191,40,0.7407
Dominican Republic,2023,61.6,64.657,58.688,19,0.3519
Ecuador,2023,55.4,64.774,47.383,7,0.1296
El Salvador,2023,60.2,64.683,56.028,15,0.2778
Estonia,2023,69.3,64.511,74.444,38,0.7037
Finland,2023,72.6,64.449,81.782,46,0.8519
France,2023,68.2,64.532,72.076,34,0.6296
Georgia,2023,65.2,64.589,65.817,23,0.4259
Greece,2023,66.6,64.562,68.702,30,0.5556
Guatemala,2023,54.8,64.785,46.354,6,0.1111
Honduras,2023,53.2,64.815,43.666,4,0.0741
Indonesia,2023,63.9,64.613,63.195,21,0.3889
Iraq,2023,70.2,64.494,76.41,41,0.7593
Ireland,2023,71.0,64.479,78.18,44,0.8148
Italy,2023,65.7,64.579,66.84,25,0.463
Kyrgyzstan,2023,72.8,64.445,82.238,47,0.8704
Latvia,2023,66.0,64.574,67.458,26,0.4815
Lithuania,2023,64.0,64.611,63.394,22,0.4074
Luxembourg,2023,66.4,64.566,68.286,28,0.5185
Malta,2023,68.2,64.532,72.076,34,0.6296
Moldova,2023,73.2,64.438,83.154,49,0.9074
Norway,2023,73.5,64.432,83.844,51,0.9444
Panama,2023,51.1,64.855,40.262,3,0.0556
Paraguay,2023,55.8,64.766,48.075,8,0.1481
Peru,2023,59.3,64.7,54.351,14,0.2593
Philippines,2023,60.7,64.674,56.971,18,0.3333
Poland,2023,71.5,64.47,79.297,45,0.8333
Portugal,2023,66.1,64.572,67.664,27,0.5
Romania,2023,70.2,64.494,76.41,41,0.7593
Russia,2023,67.0,64.555,69.538,32,0.5926
Rwanda,2023,60.6,64.675,56.781,17,0.3148
Serbia,2023,67.2,64.551,69.958,33,0.6111
Slovakia,2023,76.2,64.381,90.189,54,1.0
Slovenia,2023,75.3,64.398,88.047,53,0.9815
Spain,2023,66.6,64.562,68.702,30,0.5556
Sweden,2023,70.7,64.485,77.514,43,0.7963
Tajikistan,2023,62.0,64.649,59.459,20,0.3704
Thailand,2023,66.5,64.564,68.494,29,0.537
Turkey,2023,56.3,64.757,48.948,9,0.1667
United States,2023,58.2,64.721,52.336,12,0.2222
Uruguay,2023,59.1,64.704,53.982,13,0.2407
Uzbekistan,2023,65.5,64.583,66.43,24,0.4444
Argentina,2024,57.6,60.061,55.24,10,0.4167
Armenia,2024,72.6,59.409,88.72,24,1.0
Bolivia,2024,59.1,59.996,58.218,12,0.5
Brazil,2024,49.7,60.404,40.893,2,0.0833
Chile,2024,57.0,60.087,54.072,8,0.3333
Colombia,2024,45.6,60.583,34.323,1,0.0417
Costa Rica,2024,54.2,60.209,48.791,4,0.1667
Dominican Republic,2024,61.0,59.913,62.107,15,0.625
Ecuador,2024,54.8,60.183,49.899,6,0.25
Georgia,2024,66.1,59.691,73.197,20,0.8333
Honduras,2024,54.3,60.204,48.975,5,0.2083
Indonesia,2024,65.1,59.735,70.947,17,0.7083
Kyrgyzstan,2024,72.5,59.413,88.47,23,0.9583
Laos,2024,65.3,59.726,71.394,18,0.75
Mexico,2024,57.4,60.07,54.849,9,0.375
Pakistan,2024,66.5,59.674,74.107,21,0.875
Panama,2024,50.3,60.378,41.904,3,0.125
Paraguay,2024,55.8,60.139,51.774,7,0.2917
Peru,2024,59.9,59.961,59.839,13,0.5417
Tajikistan,2024,63.9,59.787,68.296,16,0.6667
Thailand,2024,66.7,59.665,74.564,22,0.9167
United States,2024,58.2,60.035,56.421,11,0.4583
Uruguay,2024,60.0,59.957,60.044,14,0.5833
Uzbekistan,2024,65.4,59.722,71.618,19,0.7917
