resourceIdentifier,resourceName,country,protocols,protocolSubCategories,regYear,estAnnualEmissionReductions,fitted_er,residual,over_promise_ratio
2897,Forest Conservation in Boumba-et-Ngoko,Cameroon,VM0010,IFM,2023.0,362095,789.0526221935742,6.128828873900879,458.89841794501905
2555,"Improving rural livelihood through agroforestry practices in Punjab, India- II",India,AR-ACM0003,ARR,2024.0,1571328,31470.284109884848,3.9106326616820635,49.93053111670016
3211,BISIGNANO AND MESORACA PROJECT OF AFFORESTATION OF THE AGRICULTURAL COMPANY GAIA SRL BAMBOO PLANTS,Italy,AR-ACM0003,ARR,2026.0,48643,1031.1480686585624,3.853835102118902,47.17363245734484
1566,REDD+ Project Resguardo Indigena Unificado Selva de Mataven (RIU SM),Colombia,VM0007,REDD,2016.0,3622352,99893.27716673288,3.5907764298358664,36.262220068662835
2552,"Improving rural livelihood through agroforestry practices in Punjab, India- I",India,AR-ACM0003,ARR,2024.0,1098123,31470.284109884848,3.552313898658376,34.89396524561653
1153,Shade Coffee & Cacao Reforestation Project,Peru,AR-ACM0003,ARR,2020.0,1969139,68271.62204633669,3.3618574799255256,28.84271591882677
2623,Komaza Smallholder Farmer Forestry Kenya,Kenya,AR-AMS0007,ARR,2023.0,286630,10910.695267232339,3.268448660088433,26.270553157214884
4268,Family Forest Carbon Project,United States,VM0003,IFM,2024.0,845991,38092.378224776,3.100494505724903,22.20893100997699
3115,Sustainable agricultural practices for carbon sequestration by Organic and Natural farming groups,India,VM0017,ALM,2025.0,686959,32646.460450907038,3.046538169682865,21.042373063169663
3772,RE.GREEN AMAZON FOREST REFORESTATION/RESTORATION PROJECT,Brazil,AR-ACM0003,ARR,2025.0,1062800,51771.51614508878,3.0218220972293697,20.528662846603165
2297,REDD+ Project Pueblos indígenas resguardando la selva,Colombia,VM0015,REDD,2024.0,2365816,119281.01053594482,2.9873961307434964,19.833970129613142
774,Reforestation Across the Lower Mississippi Valley,United States,AR-ACM0001,ARR,2020.0,101874,6377.918607188376,2.7708949485499463,15.972922558964711
1571,Manoa REDD+ Project,Brazil,VM0015,REDD,2020.0,2827041,191496.44346736182,2.6921166241189045,14.762890363976048
899,"TIST Program in Kenya, VCS 006",Kenya,AR-AMS0001,ARR,2012.0,233275,15837.386657270721,2.6898446261032856,14.729387180359502
2498,Afforestation of degraded grasslands in Caazapa and Guairá,Paraguay,AR-ACM0003,ARR,2022.0,204819,14647.038009407333,2.63788853093666,13.983646377407581
2611,CORAZÓN VERDE DEL CHACO PROJECT,Paraguay,VM0007,REDD,2023.0,1272472,91480.4276451587,2.632591700370279,13.909773191438958
5511,Brazil Cerrado 1,Brazil,VM0047,ARR,2026.0,351328,25474.439739528574,2.624044673745587,13.791392611270894
4592,Symbiosis Continuous Cover Forest Project,Brazil,AR-ACM0003,ARR,2025.0,687480,51771.51614508878,2.586192621552197,13.279116610634874
3291,Boomitra Grassland Restoration in the Temperate Grasslands of South America Through Soil Enrichment,Argentina,VM0042,ALM,2025.0,2418650,187424.42629537004,2.557589107852147,12.904668019035832
1969,Carbono Verde AR Project,Brazil,AR-ACM0003,ARR,2020.0,516780,40301.88070450391,2.5512191165598423,12.822726656085
3727,Corridors for Life ARR Grouped Project,Brazil,AR-ACM0003,ARR,2024.0,584276,49242.23648740313,2.4736217535075617,11.865342471791797
959,‘Guanaré’ Forest Plantations on degraded grasslands under extensive grazing,Uruguay,AR-ACM0001,ARR,2020.0,127416,11248.65015352218,2.427209188851574,11.327225779184134
2556,Southern Paraguay Sustainable Afforestation Project,Paraguay,AR-ACM0003,ARR,2023.0,170514,15399.368892916646,2.4044908771891613,11.072791436175835
3346,DEVELOPING CARBON FINANCE PROJECT FOR FARMERS ADOPTING REGENERATIVE AGRICULTURE PRACTICES IN THE INDO-GANGETIC PLAINS,India,VM0042,ALM,2026.0,4796219,459920.76812096126,2.34452894672515,10.428359257607111
3632,"Eastern Cape Bamboo Forestry Project, South Africa",South Africa,AR-ACM0003,ARR,2025.0,272471,27096.2656876486,2.3081362655347597,10.055666088489883
2338,"TIST Program in Kenya, VCS-CCB 010",Kenya,AR-AMS0007,ARR,2021.0,93619,9870.660121883144,2.2496666214778873,9.484573356187973
2929,"Bandai Hills Bamboo Reforestation Project, Ghana",Ghana,AR-ACM0003,ARR,2024.0,188926,20025.339590876294,2.24435695284199,9.43434687549949
3743,RE.GREEN ATLANTIC FOREST REFORESTATION/RESTORATION PROJECT,Brazil,AR-ACM0003,ARR,2025.0,487419,51771.51614508878,2.2422840061303795,9.414810233372664
2590,REGENERATIVE AGRICULTURE IN RICE-WHEAT-MAIZE SYSTEM FOR INCOME GENERATION,India,VM0042,ALM,2026.0,4267622,459920.76812096126,2.2277578109940634,9.279037381668305
2339,"TIST Program in Uganda, VCS-CCB 010",Uganda,AR-AMS0007,ARR,2021.0,83340,9063.892184090908,2.218629997298427,9.194725434430888
2887,Boomitra Grassland Restoration in Northern Mexico,Mexico,VM0042,ALM,2025.0,7294407,840310.9178443752,2.1610912054557243,8.680604815551042
2085,"Revegetation with fruit trees in North Manica Province, Mozambique",Mozambique,AR-ACM0003,ARR,2020.0,30799,3701.6278707506785,2.1187095339583024,8.320393371620595
3628,"Eastern Cape Restoration Project, South Africa - Somerset East",South Africa,AR-ACM0003,ARR,2025.0,218083,27096.2656876486,2.085479803386301,8.04845223005802
3018,BigCoast Forest Climate Initiative,Canada,VM0012,IFM,2023.0,715834,92705.37795442369,2.0440218110054964,7.721601656722894
641,Redd Forests Grouped Project: Protection of Tasmanian Native Forest,Australia,VM0010,IFM,2020.0,144582,19607.115719724297,1.9979542733728284,7.3739555611718
1085,EcoPlanet Bamboo Central America - Reforestation Project,Nicaragua,AR-ACM0001,ARR,2020.0,40815,5805.076226405006,1.9503169146760246,7.03091542783687
4304,Transformational Regenerative Integrated Biodiverse Agriculture for Livelihoods (TRIBAL),India,VM0017,ALM,2025.0,219473,32646.460450907038,1.9054927771240777,6.722719613969735
4709,Strengthening rural livelihood through carbon finance: Agroforestry practices in Gorakhpur Forest Circle of Uttar Pradesh,India,AR-AMS0007,ARR,2026.0,36813,5863.86844090311,1.837041514373647,6.27793757158889
2387,Liugui Afforestation Project,China,AR-ACM0003,ARR,2021.0,878138,141912.2175939226,1.8225950761957446,6.187895692763851
2512,"AFFORESTATION OF DEGRADED GRASSLANDS IN VICHADA, COLOMBIA",Colombia,AR-ACM0003,ARR,2022.0,139489,22710.656164650325,1.8151514962022457,6.142006597639303
3814,Chestnut Carbon Conservation Project,United States,VM0003,IFM,2023.0,221312,36231.38815667012,1.809647651331309,6.108294803472965
2539,EVERGREEN REDD+ PROJECT,Brazil,VM0007,REDD,2022.0,1566547,264640.802493277,1.7782556689072617,5.919521801781858
3627,"Eastern Cape Restoration Project, South Africa - Makhanda",South Africa,AR-ACM0003,ARR,2025.0,157919,27096.2656876486,1.762686322457995,5.828072466531241
3960,Belize Maya Forest REDD+ Project,Belize,VM0007,REDD,2024.0,736688,128221.70199580354,1.7484036522019029,5.745423657097536
4796,CACHOEIRA PORTEIRA CONSERVATION PROJECT,Brazil,VM0010,IFM,2025.0,567544,100309.85364372986,1.733054347535024,5.657908763537269
4888,OYU - Reforesting Uganda for a better tomorrow,Uganda,AR-ACM0003,ARR,2026.0,379891,69072.15011093706,1.7047327574042583,5.49991565905876
2928,"North Bandai Bamboo Reforestation Project, Ghana",Ghana,AR-ACM0003,ARR,2024.0,107907,20025.339590876294,1.6842712938874431,5.388522851775423
996,"TIST Program in Kenya, VCS 009",Kenya,AR-AMS0001,ARR,2013.0,88163,16650.85864312141,1.666725588609543,5.294802021301212
1382,"The Envira Amazonia Project - A Tropical Forest Conservation Project in Acre, Brazil",Brazil,VM0007,REDD,2020.0,1259646,239414.56999890727,1.6603893563381273,5.261358989161558
2082,Qianbei Afforestation Project,China,AR-ACM0003,ARR,2020.0,708123,134979.14489557903,1.6574975231683293,5.246165995108428
868,"REDD project in Brazil nut concessions in Madre de Dios, Peru",Peru,VM0007,REDD,2020.0,2086089,405569.6843329936,1.6377535933240388,5.143601902668873
2365,Integrated Project for Reforestation and Agroforestry on Degraded lands in Nicaragua,Nicaragua,AR-ACM0003,ARR,2022.0,29287,5695.184869506852,1.637522673464149,5.142414279966292
960,Lumin/Eucapine Uruguay Forest Plantations on degraded grasslands under extensive grazing,Uruguay,AR-ACM0001,ARR,2020.0,56019,11248.65015352218,1.6054427838071454,4.9800642064114085
962,Forteko afforestation on degraded grasslands under extensive grazing,Uruguay,AR-ACM0001,ARR,2020.0,55965,11248.65015352218,1.6044783602433235,4.975263630407799
2087,Chudu Afforestation Project,China,AR-ACM0003,ARR,2020.0,668883,134979.14489557903,1.6004888726913347,4.955454418661886
3739,Selva de Urundel REDD+ Project,Argentina,VM0015,REDD,2024.0,317475,64066.69878592487,1.6004743658659617,4.95538253127142
2379,Huadu Afforestation Project,China,AR-ACM0003,ARR,2021.0,702405,141912.2175939226,1.599301480259351,4.949573841555419
4118,Ground-Truth Australian Orchards,Australia,VM0042,ALM,2025.0,850073,171871.03743417942,1.5985778149229688,4.945993302248776
4025,"Strengthening rural livelihoods of smallholder farmers in tribal districts of Odisha,India",India,AR-ACM0003,ARR,2025.0,159512,33086.72469216997,1.572987019272155,4.82102720907122
4475,Kijani Forestry smallholder farmer forestry project,Uganda,AR-ACM0003,ARR,2025.0,316293,65697.65391695655,1.5716057833518686,4.8143728298091455
2070,Guinan Afforestation Project,China,AR-ACM0003,ARR,2020.0,645768,134979.14489557903,1.5653200219020746,4.784205741557864
3656,Agoro Carbon USA Pastureland Program,United States,VM0042,ALM,2025.0,449980,96142.26365138878,1.543374129778634,4.680355786416935
2252,Rio Anapu-Pacaja REDD Project,Brazil,VM0015,REDD,2021.0,938000,201332.47232249012,1.5387923162925876,4.658960321599445
2404,Reforestation of degraded land by MTPL in India,India,AR-ACM0001,ARR,2022.0,146998,32077.518519661808,1.522263554115952,4.582586396447658
2278,The Jaguar Amazon REDD+ Project,Peru,VM0006,REDD,2021.0,3751851,819590.3647537585,1.5211999369233524,4.57771486994875
2558,ABC Norte REDD Project,Brazil,VM0015,REDD,2023.0,1004626,222546.13427922307,1.5072361867402435,4.51423702889182
1395,Bajo Calima y Bahía Málaga (BCBM) REDD+ Project,Colombia,VM0006,REDD,2020.0,1050286,234599.435506261,1.4989382569951832,4.476933193524116
2744,The Paraguayan Chaco Neem Reforestation Project,Paraguay,AR-AMS0007,ARR,2024.0,12211,2729.1874339670917,1.4983332631940538,4.474225495846702
4456,CREATING LIVELIHOOD OPPORTUNITIES AND CARBON CREDIT INCOME FOR SMALLHOLDER FARMERS THROUGH HORTICULTURAL PLANTATIONS IN BANGLADESH,Bangladesh,AR-ACM0003,ARR,2026.0,567407,127313.08651719849,1.4944275583881588,4.456784573543035
3432,South American Regenerative Agriculture through Regenerative Grazing (SARA) - AgriCarbon,Argentina,VM0042,ALM,2025.0,813484,187424.42629537004,1.4679505539628526,4.340330745993568
1650,Reduced Emissions from Deforestation and Degradation in Keo Seima Wildlife Sanctuary,Cambodia,VM0015,REDD,2020.0,1426648,332113.43951574166,1.4576063198662421,4.295664764666589
2310,Anhuang Afforestation Project,China,AR-ACM0003,ARR,2021.0,607596,141912.2175939226,1.4543015069342289,4.281491828551486
1463,India Sundarbans Mangrove Restoration,India,AR-AM0014,ARR,2020.0,51249,12017.826156797955,1.450305045061567,4.264415155565443
3280,Carpathia Forest Carbon Project,Romania,VM0012,IFM,2024.0,50224,12022.236777855444,1.4297350002968212,4.177591984589001
3655,Sustainable Paddy Program,India,AMS-III.AU,ALM,2025.0,54252,12989.364216215847,1.4295089727099999,4.17664784025935
2293,NIHT Topaiyo REDD +,Papua New Guinea,VM0009,REDD,2020.0,2262521,542038.7172558535,1.4288975243592148,4.1740948164262655
875,FLORESTAL SANTA MARIA PROJECT,Brazil,VM0007,REDD,2020.0,997444,239414.56999890727,1.4269993550852842,4.16617919287265
1895,Jilin Linjiang Afforestation Project,China,AR-ACM0003,ARR,2020.0,546751,134979.14489557903,1.3988732042948406,4.050633158351767
1826,Qinghai Afforestation Project,China,AR-ACM0003,ARR; IFM; REDD,2020.0,766948,191027.7350452856,1.3900003752928836,4.01485155973914
1775,Luangwa Community Forests Project,Zambia,VM0009,REDD,2019.0,2985650,755041.0906978758,1.3748005850318634,3.9542881000561145
1384,Reduced Emissions from Avoided Deforestation in the Multiple Use Zone of the Maya Biosphere Reserve in Guatemala (GuateCarbon),Guatemala,VM0015,REDD,2020.0,1385971,351685.43949522596,1.3714191177418815,3.9409393860299815
2878,Rio Madeira Grouped REDD+ Project,Brazil,VM0015,REDD,2024.0,917817,233977.0003503247,1.3667752029172906,3.9226804285283947
985,Cordillera Azul National Park REDD Project,Peru,VM0007,REDD,2020.0,1575268,405569.6843329936,1.3568879887996967,3.8840871516092506
2958,Lanao del Sur Bamboo Reforestation Project,Philippines,AR-ACM0003,ARR,2023.0,315067,82393.18588202621,1.3412825767317536,3.823944864216384
1825,Afforestation Project in Xining City,China,AR-ACM0003,ARR,2020.0,499982,134979.14489557903,1.3094518135243298,3.704142594671126
737,"TIST Program in Kenya, VCS 005",Kenya,AR-AMS0001,ARR,2020.0,86694,23643.31849407523,1.2993041183235352,3.6667441595275476
1930,Henan Nanzhao Afforestation Project,China,AR-ACM0003,ARR,2020.0,493806,134979.14489557903,1.2970224432557007,3.6583873781539538
1318,Livelihoods' mangrove restoration grouped project in Senegal,Senegal,AR-AM0014,ARR,2020.0,30000,8371.929243249102,1.2763130287088256,3.583403434064041
1847,Qianxinan Afforestation Project in Guizhou Province,China,AR-ACM0003,ARR,2020.0,469669,134979.14489557903,1.2469079070308382,3.4795671610109826
1855,Hechu Afforestation Project in Anhui Province,China,AR-ACM0003,ARR,2020.0,469187,134979.14489557903,1.245881125410767,3.4759962389965273
1141,Fresh Breeze Afforestation Project,Mexico,AR-ACM0003,ARR,2020.0,171808,49476.42445548833,1.2448812917463208,3.472522557780378
1397,Reforestation of pasture lands on the Peruvian Northern Andes – “Forestry PRODICOM” Grouped Project,Peru,AR-AMS0007,ARR,2020.0,39551,11508.468874954264,1.2345077900928434,3.4366865331733525
2345,Green Gold Loreto 1,Peru,VM0010,IFM,2022.0,490291,146217.43550503041,1.2099042942748426,3.3531637202263216
934,The Mai Ndombe REDD+ Project,"Congo, The Democratic Republic of The",VM0009,REDD,2020.0,5671613,1711533.267102061,1.1980839408062884,3.313761472836037
2710,"Soil carbon improvement Project through Grassland Management, in South Africa",South Africa,VM0026,ALM,2024.0,254936,77687.79761627258,1.1883143330602657,3.281544950716955
2576,Montes del Este afforestation through high quality timber in degraded grasslands,Uruguay,AR-ACM0003,ARR,2023.0,38000,11602.549323134106,1.1863613165240885,3.2751422934468817
2378,Miaoling Afforestation Project,China,AR-ACM0003,ARR,2021.0,458449,141912.2175939226,1.1726403727433343,3.230511141132595
3019,REGENERATING DEGRADED LANDS IN FLORIDA THROUGH PONGAMIA,United States,AR-AMS0007,ARR,2026.0,4133,1288.7499295035332,1.1653308338819937,3.20698368658081
3634,Agoro Carbon USA Cropland Program,United States,VM0042,ALM,2025.0,306507,96142.26365138878,1.1594115860610525,3.1880568270307466
2249,HENAN FANGCHENG AND TANGHE AFFORESTATION PROJECT,China,AR-ACM0003,ARR,2021.0,450033,141912.2175939226,1.1541122329216957,3.171206874433852
1496,Jubilación Segura : Agroforestry And Reforestation With Smallscale Farmers in Peru,Peru,AR-AMS0007,ARR,2020.0,36439,11508.468874954264,1.1525564413929512,3.1662769735860987
2084,"CONSERVATION PROJECT REDD+ SUR DEL META BOSQUES DE PAZ, SUSTENTO DE VIDA",Colombia,VM0015,REDD,2024.0,374315,119281.01053594482,1.1436155465284568,3.138093803180866
4557,Strengthening rural livelihood through carbon finance: Agroforestry practices in Bareilly Forest Circle of Uttar Pradesh,India,AR-AMS0007,ARR,2026.0,18382,5863.86844090311,1.1425623956470439,3.1347906565872643
1328,Araku Valley Livelihood Project,India,AR-ACM0003,ARR,2020.0,80660,25756.5806593264,1.1415526353997745,3.1316268672019243
1832,Haidong Afforestation Project,China,AR-ACM0003,ARR; IFM; REDD,2020.0,598145,191027.7350452856,1.14141457230882,3.1311945349621717
1674,Gilé National Reserve REDD Project,Mozambique,VM0007,REDD,2020.0,68821,21989.634961941247,1.1409377266791445,3.1297017944641894
2361,Afforestation in cooperation with local landowners for Forestal San Pedro S.A,Paraguay,AR-ACM0003,ARR,2022.0,45549,14647.038009407333,1.1345505382051577,3.1097755034666603
2551,BRAZILIAN AMAZON APD GROUPED PROJECT,Brazil,VM0007,REDD,2022.0,812538,264640.802493277,1.1217892381142889,3.0703428660462966
1748,Southern Cardamom REDD+ Project,Cambodia,VM0009,REDD,2020.0,3867568,1270160.075971737,1.113482949128251,3.0449453365483197
1055,Reforesting Degraded Lands in Chile through the use of Mycorrhizal Inoculation,Chile,AR-ACM0003,ARR,2020.0,16864,5591.345714590055,1.1039611781015992,3.0160896608476717
1326,Laguna Seca Forest Carbon Project,Belize,VM0007,REDD,2016.0,255935,85888.81771692722,1.0918698633906132,2.979840761617092
2317,REDD+ Project Magnolios de Yarumal,Colombia,VM0015,REDD,2023.0,329260,113453.57769331263,1.0654539660720168,2.902156165494002
977,RMDLT Portel - Para REDD Project,Brazil,VM0015,REDD,2020.0,553273,191496.44346736182,1.0609823141167904,2.889207705281996
1865,Xiguan Afforestation Project in Guizhou Province,China,AR-ACM0003,ARR,2020.0,388420,134979.14489557903,1.056966944147458,2.8776297279145227
2834,"Mangrove Restoration Project with Sine Saloum and Casamance communities, Senegal",Senegal,AR-AM0014,ARR; WRC,2025.0,49249,17133.789766876682,1.055836539315182,2.8743786792113535
2481,Generation Forest Group Project,Panama,AR-ACM0003,ARR,2022.0,27000,9394.987700464651,1.0556605422973249,2.8738728416498778
1686,Agrocortex REDD Project,Brazil,VM0015,REDD,2018.0,483594,173242.51678923622,1.0265532677143394,2.79142792983279
1468,Northern Kenya Grassland Carbon Project,Kenya,VM0032,ALM,2020.0,1797493,652627.8897995912,1.0131410756057058,2.754238714119272
1811,Jari/Pará REDD+ Project,Brazil,VM0015,REDD,2020.0,525314,191496.44346736182,1.0091269425658087,2.743204993723725
2373,Yellow Ipê Grouped REDD Project,Brazil,VM0015,REDD,2021.0,540179,201332.47232249012,0.986942933398316,2.6830197521975125
3630,Selva Paranaense Vida Nativa - GS1,Argentina,VM0005,IFM,2025.0,151631,57135.5436699565,0.9760235337060603,2.65388215916692
2609,KUAMUT RAINFOREST CONSERVATION PROJECT,Malaysia,VM0010,IFM,2023.0,543049,204624.38323631146,0.9760235337035166,2.6538821591601685
587,Protection of a Tasmanian Native Forest (Project 3: Peter Downie),Australia,VM0010,REDD,2020.0,73856,27997.518781445437,0.9700013601452895,2.637948047344323
2410,"REFORESTATION OF DEGRADED FOREST RESERVE AREAS IN GHANA, WEST AFRICA",Ghana,AR-ACM0003,ARR,2022.0,46229,18116.473431392118,0.9367856481089074,2.551765947995964
3669,Western Kenya Soil Carbon Project,Kenya,VM0017,ALM,2025.0,179643,70593.32729153856,0.9340359223986088,2.5447589296663216
4429,Management of Community Forests for the Reduction of Deforestation in the Peruvian Amazon,Peru,VM0015,REDD,2025.0,1039475,416716.97428591154,0.9140637843586656,2.4944388257311814
2083,Liangdu Afforestation Project,China,AR-ACM0003,ARR,2020.0,336390,134979.14489557903,0.9131509168910519,2.4921627727026574
2508,UNITOR REDD+ PROJECT,Brazil,VM0015,REDD,2022.0,522923,211673.71924792376,0.9043881967413885,2.470420049583596
3590,Jutaituba REDD+ Project,Brazil,VM0015,REDD,2025.0,600694,245995.00175657225,0.8927744357960687,2.4418951430339426
2391,Gansu Tianshui Afforestation Project,China,AR-ACM0003,ARR,2022.0,342003,149201.40083865984,0.8295224322293127,2.2922237866240125
3746,NaturAll Carbon Program – Conservation Agriculture and Land Management in Brazil,Brazil,VM0042,ALM,2025.0,1562585,684489.8502341044,0.8254229635122101,2.282846121773136
3602,Udzungwa Corridor Reforestation,Tanzania,AR-ACM0003,ARR,2023.0,178047,80996.24506332864,0.7876447640271227,2.1982130142056606
1052,North Pikounda REDD+,Congo,VM0011,REDD,2013.0,231110,107918.70586778702,0.7615155674160121,2.141519379255128
1896,Hunan Northern and Northwestern Area Afforestation Project,China,AR-ACM0003,ARR,2020.0,286518,134979.14489557903,0.7526810771565309,2.122683472484973
1343,Kuzuko Lodge Private Game Reserve thicket restoration project,South Africa,AR-ACM0003,ARR,2020.0,44206,21093.268047641483,0.7399065867772805,2.095739735547657
1622,REDD+ Project for Caribbean Guatemala: The Conservation Coast,Guatemala,VM0015,REDD,2020.0,728161,351685.43949522596,0.7277850393237877,2.070489472197454
2459,NAYA REDD+,Colombia,VM0007,REDD,2024.0,307252,149128.6800392491,0.7228587001212112,2.0603146217021067
1682,Regenerating Colombian Coffee Ecosystems,Colombia,AR-AMS0007,ARR,2020.0,7107,3463.385068316707,0.7188337595970236,2.0520386442198824
2931,Grassland Restoration and Stewardship in South Africa (GRASS),South Africa,VM0042,ALM,2023.0,639503,324100.23277748545,0.6796384837982679,1.9731642724214202
2497,"TIST Program in Uganda, VCS-CCB 011",Uganda,AR-ACM0003,ARR,2024.0,121978,62488.017576692764,0.668865881014332,1.9520222393084246
2401,Reforestation of Degraded Lands in Sierra Leone,Sierra Leone,AR-AM0003,ARR,2021.0,126297,64797.459466298154,0.6673698792825586,1.94910419390267
1530,Grouped Project for Commercial Forest Plantations Initiatives in the Department of Vichada,Colombia,AR-ACM0003,ARR,2020.0,39506,20545.818818664287,0.6537951026770923,1.9228243151892226
3425,Kwamisa/Other reserves community Forest Project,Ghana,AR-ACM0003,ARR,2026.0,42252,22135.335955343413,0.6464764463296042,1.9088031952729625
1233,Reforestation with Rubber on degraded lands of Colombia,Colombia,AR-ACM0003,ARR,2020.0,38946,20545.818818664287,0.6395186148506689,1.895568161275742
3553,COMMUNITY PARTICIPATIVE FORESTRY/AGROFORESTRY DEVELOPMENT PROJECT IN INDIA,India,AR-AMS0007,ARR,2025.0,10371,5577.391160203883,0.6202923165561227,1.8594715167190972
3350,THE ARR HORIZONTE CARBON PROJECT,Brazil,AR-ACM0003,ARR,2023.0,86995,46836.52391955997,0.6191873215571881,1.8574179447947665
4763,Mixed afforestation with native and non-native species in Argentina-I,Argentina,AR-ACM0003,ARR,2026.0,27594,14904.011437001665,0.6159679571088521,1.8514478546019728
987,Reforestation of Degraded Forest Reserves in Ghana,Ghana,AR-AM0003,ARR,2020.0,8815,4806.028100739295,0.6065838315407284,1.83415490197488
2502,TAHUAMANU AMAZON REDD PROJECT,Peru,VM0006,REDD,2022.0,1575108,861687.8279292409,0.6031860638392974,1.827933445207425
1225,Kenya Agricultural Carbon Project,Kenya,VM0017,ALM,2020.0,99004,54953.844640446696,0.5886666087974834,1.801584596087238
2652,HENAN YIYANG AFFORESTATION PROJECT,China,AR-ACM0003,ARR,2023.0,281673,156864.9859021848,0.5853613506813318,1.7956397240595225
1953,Floresta Verde REDD+ Project,Brazil,VM0015,REDD,2020.0,340000,191496.44346736182,0.5740763811339686,1.7754898934086405
1015,"Community-based reforestation project on degraded lands in Uttar Pradesh, India by Indian Farm Forestry Development Co-operative Limited",India,AR-AMS0005,ARR,2013.0,5651,3185.540594811736,0.57321051453129,1.7739532213790457
2088,Mangrove Restoration and Sustainable Development in Myanmar,Myanmar,AR-AM0014,ARR; WRC,2024.0,403831,227759.3074800694,0.5727070712141291,1.773060361255876
2723,CONDOTO REDD+,Colombia,VM0007,REDD,2023.0,249943,141843.04954421546,0.5665117304427465,1.7621096049693115
1175,"AVOIDING PLANNED DEFORESTATION AND DEGRADATION IN THE VALDIVIAN COASTAL RESERVE, CHILE",Chile,VM0007,REDD,2020.0,58154,33215.56231553757,0.560076153677155,1.7508058255210308
1360,Forest Management to reduce deforestation and degradation in Shipibo Conibo and Cacataibo Indigenous communities of Ucayali region,Peru,VM0015,REDD,2020.0,564818,324396.0972312728,0.5545382639204401,1.7411368534354543
1389,Acapa -­ Bajo Mira Y Frontera REDD+ Project,Colombia,VM0006,REDD,2020.0,404786,234599.435506261,0.545479002375135,1.7254346717692637
1960,Northern Great Plains Regenerative Grazing Project,United States,VM0026,ALM,2022.0,32514,18861.462031609262,0.5445499713774691,1.7238324338543285
2370,Zhangye City Afforestation Project in Gansu Province,China,AR-ACM0003,ARR,2021.0,238392,141912.2175939226,0.5187076970939195,1.6798553644066876
824,"TIST Program in Uganda, VCS 001",Uganda,AR-AMS0001,ARR,2012.0,24348,14542.93465348022,0.515344425777684,1.6742150453226001
1215,The Makira Forest Protected Area in Madagascar,Madagascar,VM0007,REDD,2020.0,1267231,761150.8895713636,0.5097578679200172,1.664888023337438
1311,"Carbon Emissions Reduction Project in the Corridor Ankeniheny-Zahamena (CAZ) Protected Area, Madagascar",Madagascar,VM0015,REDD,2020.0,1011973,608808.7633747606,0.5081529687005322,1.6622181888289707
1864,Puzhen Afforestation Project in Guizhou Province,China,AR-ACM0003,ARR; IFM; REDD,2020.0,313023,191027.7350452856,0.4938580431026587,1.6386259300294475
2748,Zhangye Improved Grassland Management Project,China,VM0026,ALM,2022.0,736006,449748.1467862711,0.4925505185893275,1.6364847865615866
844,Madre de Dios Amazon REDD+ Project,Peru,VM0007,REDD,2020.0,659793,405569.6843329936,0.4866334427478236,1.6268301736731288
961,‘El Arriero ’ Afforestation on degraded grasslands under extensive grazing project,Uruguay,AR-ACM0001,ARR,2020.0,18271,11248.65015352218,0.4850669683316209,1.62428378077693
1168,"Kulera Landscape REDD+ Program for Co-Managed Protected Areas, Malawi",Malawi,VM0006,REDD,2020.0,210421,130928.55062114337,0.4744585264663588,1.60714373604331
689,"Reforestation of degraded land in Chhattisgarh, India",India,AR-ACM0002,ARR,2020.0,5007,3115.464962910835,0.47445852646545106,1.607143736041849
944,Alto Mayo Conservation Initiative,Peru,VM0015,REDD,2020.0,515268,324396.0972312728,0.46272186221903944,1.5883914892867785
1684,"Mitigation of GHG: Rubber based agro-forestry system for sustainable development and poverty reduction in Pakkading, Bolikhamsay Province, Lao PDR",Lao,AR-ACM0003,ARR,2017.0,42497,26842.762506895848,0.45943725340042363,1.5831828035241384
607,Darkwoods Forest Carbon Project,Canada,VM0012,IFM,2020.0,124847,79771.10106210955,0.44792769081482575,1.5650655229491504
2889,Boomitra Carbon Farming South of the Vindhyas,India,VM0042,ALM,2025.0,676391,437451.49680011626,0.4358054760047789,1.5462079909377058
832,Cikel Brazilian Amazon REDD APD Project   Avoiding Planned Deforestation,Brazil,VM0007,REDD,2020.0,370000,239414.56999890727,0.4353063538863413,1.5454364368955855
1493,"Mangrove restoration and coastal greenbelt protection in the East coast of Aceh and North Sumatra Province, Indonesia",Indonesia,AR-AM0014,ARR,2020.0,124706,84221.62839488123,0.3925072094447355,1.4806885401847596
612,The Kasigau Corridor REDD Project - Phase II The Community Ranches,Kenya,VM0009,REDD,2020.0,1461479,1012099.3930970365,0.3674221561014459,1.444007386989786
872,Afognak Forest Carbon Project,United States,VM0012,IFM,2020.0,40451,28016.64060867166,0.3672927239807553,1.4438204981463651
994,"TIST Program in India, VCS-001",India,AR-AMS0001,ARR,2013.0,11047,7700.325498490317,0.360896297392749,1.4346146798814952
1400,Concosta REDD+ Project,Colombia,VM0006,REDD,2020.0,333978,234599.435506261,0.353195592524008,1.4236095635920094
4732,"NatureRe assisted natural regeneration project in degraded lands in Antioquia, Colombia",Colombia,AR-ACM0003,ARR,2025.0,37467,26393.016208935267,0.3503611079333453,1.4195800776765966
981,Pacajai REDD+ Project,Brazil,VM0015,REDD,2020.0,264116,191496.44346736182,0.3215191641042221,1.379221437316225
1325,Village Climate Solutions,Tanzania,VM0015,REDD,2015.0,350721,257795.5238465594,0.3078243081300993,1.3604619458356078
1543,Bosques del Uruguay Afforestation through High Quality Timber in Grasslands Project,Uruguay,AR-ACM0003,ARR,2017.0,11499,8590.822358186593,0.2915656092886252,1.3385214500497813
4243,"Afforestation project with native and exotic species on degraded grasslands in Northeast, Argentina.",Argentina,AR-ACM0003,ARR,2024.0,18012,13483.323266219304,0.2895845942371338,1.3358724436375935
1391,SIVIRÚ-USARAGÁ-PIZARRO-PILIZÁ (SUPP) REDD+ Project,Colombia,VM0006,REDD,2020.0,312078,234599.435506261,0.28537362654487985,1.330258955340373
3774,Boomitra Carbon Farming in East Africa through Soil Enrichment,Kenya,VM0042,ALM,2025.0,1249417,945926.6413956998,0.27826730154635193,1.3208392123901964
920,EDS GREEN CARBON PROJECT,Uruguay,AR-ACM0001,ARR,2020.0,14746,11248.65015352218,0.2707237244695513,1.3109128472079585
1118,Suruí Forest Carbon Project,Brazil,VM0015,REDD,2020.0,247460,191496.44346736182,0.2563797163095902,1.2922433206555946
673,Natural High Forest Rehabilitation Project on degraded land of Kibale National Park,Uganda,AR-ACM0001,ARR,2020.0,74181,57622.30401580964,0.2525983374458889,1.2873660862232652
2532,Cumare carbon project,Colombia,AR-ACM0003,ARR,2022.0,29180,22710.656164650325,0.25064929419112403,1.284859397652251
1392,Cajambre REDD+ Project,Colombia,VM0006,REDD,2020.0,297488,234599.435506261,0.23749435801789787,1.2680678423544656
993,"TIST Program in Uganda, VCS 005",Uganda,AR-AMS0001,ARR,2013.0,19342,15289.918369207855,0.23508521620337852,1.2650165640486724
4708,Tasar Forest Carbon Project,India,AR-ACM0003,ARR,2026.0,43299,34786.19217522711,0.21890900858369378,1.2447180128796984
2367,"Afforestation in Eucalyptus and Acacia plantations for Burapha Agroforestry Co., Ltd.",Lao,AR-ACM0003,ARR,2023.0,44946,36253.16215026192,0.21493515996622037,1.2397815068850562
3360,Developing climate resilience of the coastal communities of Sundarbans through Mangrove Afforestation,India,AR-AM0014,ARR; WRC,2025.0,29782,24595.395020985005,0.19134495302163224,1.2108770757529912
1704,"Agricultural Land Management  project in Beed District, India implemented by Godrej Properties Ltd.",India,VM0017,REDD,2020.0,33764,28107.638246473092,0.18335378300124283,1.2012393109633344
4598,Enhancing Livelihoods of Farmers in Gujarat through Agroforestry Plantations by SHBVM,India,AR-AMS0007,ARR,2025.0,6465,5577.391160203883,0.147681879172346,1.1591440898263392
2451,Shanxi Loufan Afforestation Project,China,AR-ACM0003,ARR,2021.0,163968,141912.2175939226,0.14446260634696806,1.1554184888378627
1764,"Reforestation and Restoration of degraded mangrove lands, sustainable livelihoods and community development in Myanmar",Myanmar,AR-AM0014,ARR; WRC,2017.0,184006,160399.98930167916,0.1372977370383346,1.1471696525734976
1765,Grouped Project for reducing emissions from deforestation and forest degradation-REDD-in the Regional Natural Park:Biological Corridor PNN Purace-PNN Cueva de los Guacharos,Colombia,VM0015,REDD,2021.0,117468,102638.89491860235,0.13494900239423302,1.1444784172039055
4739,Land Life Reforestation and Restoration of Degraded Land in Spain - B,Spain,AR-ACM0003,ARR,2026.0,1990,1741.1544132836111,0.13358628958941754,1.1429198839677266
1067,Reduction of deforestation and degradation in Tambopata National Reserve and Bahuaja-Sonene National Park within the area of Madre de Dios region –Peru,Peru,VM0007,REDD,2020.0,457750,405569.6843329936,0.12103047683977941,1.12865930981213
2722,Inner Mongolia Alongshan Improved Forest Management Project,China,VM0010,IFM,2023.0,341879,303933.60962380446,0.11764758513020901,1.1248476284776885
1715,Inner Mongolia Wu‘erqihan IFM (conversion of logged to protected forest) Project,China,VM0010,IFM,2020.0,293347,261528.7184459975,0.1148121091797023,1.1216626676529697
1935,Hubei Hongshan IFM (Conversion of Logged to Protected Forest) Project,China,VM0010,IFM,2020.0,292309,261528.7184459975,0.11126736247893554,1.1176936962674646
2647,Reforestation grouped project Norteak Nicaragua,Nicaragua,AR-ACM0003,ARR,2022.0,6357,5695.184869506852,0.10993550985998546,1.1162060838510506
1408,Chyulu Hills REDD+ Project,Kenya,VM0009,REDD,2020.0,1100943,1012099.3930970365,0.08414030471790035,1.0877815039796646
2477,Wanfan Adjusted Water Management in Rice Cultivation,China,AMS-III.AU,ALM,2021.0,59986,55712.66114154136,0.07390377101703827,1.0767031904579458
2506,Adjusted Water Management in Rice Cultivation In Northern Lujiang County,China,AMS-III.AU,ALM,2021.0,59282,55712.66114154136,0.062098287965072885,1.0640669245611967
2619,Tombwe Smallholder Reforestation Project,Zambia,AR-ACM0003,ARR,2024.0,56657,53373.87707795023,0.059694112619771644,1.0615117938173184
2507,Adjusted Water Management in Rice Cultivation In Southern Lujiang County,China,AMS-III.AU,ALM,2021.0,59043,55712.66114154136,0.05805856136413823,1.059777055883181
2408,Baoxing Afforestation Project,China,AR-ACM0003,ARR,2022.0,156954,149201.40083865984,0.050655692062070656,1.0519606325259874
1477,Katingan Peatland Restoration and Conservation Project,Indonesia,VM0007,REDD; WRC,2020.0,7125679,6823825.761607803,0.04328474317221698,1.0442351913629568
2504,Adjusted Water Management in Rice Cultivation in Xuanzhou District,China,AMS-III.AU,ALM,2021.0,58064,55712.66114154136,0.041338419825443395,1.0422047486205142
2476,Huaining Adjusted Water Management in Rice Cultivation,China,AMS-III.AU,ALM,2021.0,58041,55712.66114154136,0.04094222671918857,1.0417919160699103
2899,Adjusted Water Management in Rice Cultivation In Dawu County,China,AMS-III.AU,ALM,2022.0,59923,58574.287878110925,0.02276457782866892,1.0230256682709598
2903,Adjusted Water Management in Rice Cultivation In Xiaochang County,China,AMS-III.AU,ALM,2022.0,59916,58574.287878110925,0.022647754423802624,1.0229061619098312
2909,Adjusted Water Management in Rice Cultivation In Yingcheng City,China,AMS-III.AU,ALM,2022.0,59902,58574.287878110925,0.022414066662969745,1.0226671491875745
2902,Adjusted Water Management in Rice Cultivation In Huangmei County,China,AMS-III.AU,ALM,2022.0,59901,58574.287878110925,0.02239737259020025,1.0226500768502704
2634,Adjusted Water Management in Rice Cultivation in Tongnan District,China,AMS-III.AU,ALM,2022.0,59868,58574.287878110925,0.021846311784230465,1.0220866897192367
2853,Yufeng Adjusted Water Management in Rice Cultivation,China,AMS-III.AU,ALM,2022.0,59796,58574.287878110925,0.020642942204597503,1.0208574814333444
1897,Ntakata Mountains REDD,Tanzania,VM0007,REDD,2020.0,420200,414029.043160151,0.014794664485410891,1.014904647250705
2845,QiDa Adjusted Water Management in Rice Cultivation,China,AMS-III.AU,ALM,2022.0,59352,58574.287878110925,0.01318999200455373,1.0132773636703436
2633,Adjusted Water Management in Rice Cultivation in Nanchuan District,China,AMS-III.AU,ALM,2022.0,59331,58574.287878110925,0.012836108125327428,1.0129188445869584
4047,CLIMATE SUSTAINABILITY THROUGH HORTICULTURE PROJECT IN INDIA,India,AR-AMS0007,ARR,2025.0,5645,5577.391160203883,0.0120490645501512,1.0121219469558675
2854,Hongmei Adjusted Water Management in Rice Cultivation,China,AMS-III.AU,ALM,2022.0,59261,58574.287878110925,0.01165558990943616,1.0117237809756745
3478,CORE CARBON VANAM IN TELANGANA STATE,India,AR-ACM0003,ARR,2026.0,35139,34786.19217522711,0.010091093286005659,1.0101421800637365
2631,Adjusted Water Management in Rice Cultivation in Dazu District,China,AMS-III.AU,ALM,2022.0,58902,58574.287878110925,0.005579219055768192,1.0055948118835183
2856,Wudao Adjusted Water Management in Rice Cultivation,China,AMS-III.AU,ALM,2022.0,58633,58574.287878110925,0.0010018511282492426,1.001002353148727
1327,Reforestation of deforested land in Madagascar,Madagascar,AR-ACM0003,ARR,2014.0,94452,94869.54359224286,-0.0044109535694154545,0.9955987603984109
3574,Grouped plantation activity in various states of India,India,AR-ACM0003,ARR,2026.0,34146,34786.19217522711,-0.018575082620801098,0.981596370996794
2894,Adjusted Water Management in Rice Cultivation In Xinzhou District,China,AMS-III.AU,ALM,2023.0,59945,61582.8992930581,-0.026956747960452887,0.9734033422937147
2771,Futong Adjusted Water Management in Rice Cultivation,China,AMS-III.AU,ALM,2023.0,59943,61582.8992930581,-0.026990112433963986,0.973370865745469
2769,Adjusted Water Management in Rice Cultivation in Pinghu City,China,AMS-III.AU,ALM,2023.0,59927,61582.8992930581,-0.027257068304407994,0.9731110533595037
2891,Adjusted Water Management in Rice Cultivation In Jiangxia District,China,AMS-III.AU,ALM,2023.0,59924,61582.8992930581,-0.027307130464933493,0.9730623385371351
2770,Yulin Adjusted Water Management in Rice Cultivation,China,AMS-III.AU,ALM,2023.0,59922,61582.8992930581,-0.027340506631016837,0.9730298619888894
2892,Adjusted Water Management in Rice Cultivation In Wuxue City,China,AMS-III.AU,ALM,2023.0,59919,61582.8992930581,-0.02739057296892433,0.972981147166521
2911,Adjusted Water Management in Rice Cultivation in Haiyan County,China,AMS-III.AU,ALM,2023.0,59882,61582.8992930581,-0.028008263992813198,0.9723803310239758
2912,Adjusted Water Management in Rice Cultivation in Tongxiang City,China,AMS-III.AU,ALM,2023.0,59863,61582.8992930581,-0.028325605011803034,0.9720718038156418
2910,Wude Adjusted Water Management in Rice Cultivation,China,AMS-III.AU,ALM,2023.0,59751,61582.8992930581,-0.030198296046828332,0.9702531171138836
2917,Adjusted Water Management in Rice Cultivation in Shengzhou City,China,AMS-III.AU,ALM,2023.0,59727,61582.8992930581,-0.03060004365429947,0.9698633985349354
2851,Xihuai Adjusted Water Management in Rice Cultivation,China,AMS-III.AU,ALM,2023.0,59700,61582.8992930581,-0.03105220272151321,0.9694249651336186
1503,RESEX Rio Preto-Jacundá REDD+ Project,Brazil,VM0015,REDD,2016.0,151801,156728.60069896872,-0.03194519897152759,0.9685596586902907
2855,Zhengtongsui Adjusted Water Management in Rice Cultivation,China,AMS-III.AU,ALM,2023.0,59493,61582.8992930581,-0.034525564548266274,0.9660636423901906
2850,Chishui Adjusted Water Management in Rice Cultivation,China,AMS-III.AU,ALM,2023.0,59267,61582.8992930581,-0.03833156442722796,0.9623937924384285
2399,Adjusted Water Management in Rice Cultivation in Wangjiang County and Susong County,China,AMS-III.AU,ALM,2021.0,53562,55712.66114154136,-0.03936756921999063,0.96139726415011
2396,Adjusted Water Management in Rice Cultivation in Nanling County,China,AMS-III.AU,ALM,2021.0,53558,55712.66114154136,-0.03944225181898098,0.9613254671847875
2397,Adjusted Water Management in Rice Cultivation in Chizhou City,China,AMS-III.AU,ALM,2021.0,53539,55712.66114154136,-0.03979707035169966,0.9609844315995059
2398,Qiantai Adjusted Water Management in Rice Cultivation,China,AMS-III.AU,ALM,2021.0,53512,55712.66114154136,-0.04030150282916445,0.9604998020835794
2362,Adjusted Water Management in Rice Cultivation in Tongcheng City,China,AMS-III.AU,ALM,2021.0,53501,55712.66114154136,-0.04050708532921021,0.9603023604289427
2403,Riau Ecosystem Restoration Carbon Project,Indonesia,VM0007,REDD; WRC,2021.0,6870411,7174324.945186541,-0.043284743152616656,0.9576386701872981
2319,"Agroforestry plantation Bateke Plateau, Republic of Congo",Congo,AR-ACM0003,ARR,2023.0,36102,38326.957309255195,-0.059805229331416854,0.9419479795564697
2413,Zhangjiakou Zhangbei County 2017 Afforestation Project,China,AR-ACM0003,ARR,2023.0,145879,156864.9859021848,-0.07260796199433273,0.9299653403275397
3601,CAAPII REDD+ PROJECT,Brazil,VM0015,REDD,2025.0,228338,245995.00175657225,-0.07448423032176521,0.9282221117075989
2469,Afforestation and restoration of degraded forests in Eastern Paraguay or Forestal Azul Carbon Project,Paraguay,AR-ACM0003,ARR,2023.0,14248,15399.368892916646,-0.07770998161304021,0.925232722137967
4511,Silvador Climate Action,Romania,VM0012,IFM,2024.0,11096,12022.236777855444,-0.08017331679024586,0.9229563686882677
3812,Painted Forest Carbon Project,Canada,VM0012,IFM,2025.0,94169,102473.4025895467,-0.08451223760219229,0.9189604094360986
597,"TIST Program in Kenya, VCS 004",Kenya,AR-AMS0001,ARR,2011.0,13790,15063.656566174346,-0.08834130097419113,0.9154483799747294
2629,Adjusted Water Management in Rice Cultivation in South Jiangjin District,China,AMS-III.AU,ALM,2022.0,53462,58574.287878110925,-0.09132470572315476,0.9127212969494526
2630,Adjusted Water Management in Rice Cultivation in Yongchuan District,China,AMS-III.AU,ALM,2022.0,53345,58574.287878110925,-0.09351557423924639,0.910723833484878
2565,Yunnan Qiubei Afforestation Project,China,AR-ACM0003,ARR,2022.0,135706,149201.40083865984,-0.09480629568073873,0.9095491009950154
595,"TIST Program in Kenya, VCS 002",Kenya,AR-AMS0001,ARR,2011.0,13663,15063.656566174346,-0.09759354342305038,0.9070174920663326
852,Rio Bravo Climate Action Project,Belize,VM0007,REDD,2020.0,94970,104941.9381852257,-0.09984617529403472,0.9049766150914333
827,"TIST Program in Uganda, VCS 003",Uganda,AR-AMS0001,ARR,2012.0,13112,14542.93465348022,-0.10357744341246544,0.9016061965775396
2632,Adjusted Water Management in Rice Cultivation in Eastern Hechuan District,China,AMS-III.AU,ALM,2022.0,52673,58574.287878110925,-0.10619283658908785,0.8992512228165522
3572,GROUPED AGROFORESTRY PROJECT IN VARIOUS STATES OF INDIA,India,AR-ACM0003,ARR,2026.0,30926,34786.19217522711,-0.1176232774166035,0.8890309075571619
3813,MOTOR VERDE FORESTRY CARBON PROJECT - GRANDAS DE SALIME (SPAIN),Spain,AR-ACM0003,ARR,2025.0,1449,1656.0909118388,-0.13358628957103935,0.8749519664902565
2369,Forestal Apepu Carbon Project,Paraguay,AR-ACM0003,ARR,2023.0,12902,15399.368892916646,-0.17694418949035118,0.8378265427445292
2458,Guoluo Grassland Sustainable Management Project,China,VM0026,ARR,2021.0,456953,548909.9068551263,-0.18335378298757554,0.8324735886404826
2418,Gansu Lanzhou Afforestation Project,China,AR-ACM0003,ARR,2021.0,117640,141912.2175939226,-0.1875795668014515,0.8289631576093273
3549,Community Based Forest Plantation in India,India,AR-ACM0003,ARR,2026.0,28717,34786.19217522711,-0.19173124957032606,0.8255286998745075
4574,MAHARASHTRA AND GUJARAT INITIATIVE FOR REGENERATIVE AGRICULTURE AND INCOME CREATION,India,VM0042,ALM,2026.0,369451,459920.76812096126,-0.21903611147506474,0.8032927095452074
1944,Livelihoods Mount Elgon Project,Kenya,VM0017,ALM,2024.0,53142,67144.51450833843,-0.23387965345538397,0.7914570592866599
4042,Cauaxi REDD+ Grouped Project,Brazil,VM0015,REDD,2025.0,190881,245995.00175657225,-0.253661020433805,0.7759547902883366
4259,"Strengthening capacity through regenerative solutions for native sugarcane farmers in Maharashtra, India",India,VM0017,ALM,2025.0,24982,32646.460450907038,-0.2675808754477558,0.7652284399274258
3344,The Last Habitat REDD+ project,Peru,VM0007,REDD,2026.0,411739,547752.2488818854,-0.2854334306781734,0.7516883788984413
3340,Boomitra Grassland Restoration in East Africa Through Soil Enrichment,Kenya,VM0042,ALM,2025.0,707193,945926.6413956998,-0.29086140686728257,0.747619285737156
1654,Fortaleza Ituxi REDD Project,Brazil,VM0015,REDD,2020.0,137675,191496.44346736182,-0.3299734013276936,0.7189428561030429
1558,"Agroforestry and forest restoration for ecological connectivity, poverty reduction and biodiversity conservation in Cerro San Gil, Caribbean Guatemala",Guatemala,AR-ACM0003,ARR,2020.0,51827,74014.87135432535,-0.35635478827057554,0.7002241448464165
1060,Bethlehem Authority Improved Forest Management Project,United States,VM0003,IFM,2020.0,21770,31176.376064041888,-0.35912775533080854,0.6982851360042778
1541,Lacandon – Forest for life REDD+ Project,Guatemala,VM0015,REDD,2020.0,238875,351685.43949522596,-0.3867967357077067,0.6792291439271902
958,BIOCORREDOR MARTIN SAGRADO REDD+ PROJECT,Peru,VM0015,REDD,2020.0,219722,324396.0972312728,-0.3896021805120746,0.6773262745000069
1899,Sumatra Merang Peatland Project (SMPP),Indonesia,VM0007,ARR; WRC,2020.0,1338569,1982003.7785099447,-0.3925072094262543,0.6753614773662672
1399,Mutatá REDD+ Project,Colombia,VM0006,REDD,2020.0,156476,234599.435506261,-0.4049768864322125,0.6669922272503676
1869,"Yagual - Carbon Sequestration Grouped Project for the Restoration, Conservation and Sustainable Production in the Guerrero, Sumapaz and Rabanal Paramo Systems",Colombia,AR-ACM0003,ARR,2020.0,13619,20545.818818664287,-0.4111915798418977,0.6628599288351649
4102,Damao Banner Sustainable Grassland Management Project,China,VM0026,ALM,2024.0,326639,497136.45450202207,-0.4200089592228018,0.6570409332125762
687,"Reforestation of pastures in Sociedad Agrícola de Interés Social “José Carlos Mariátegui” - Joven Forestal Project, Perú",Peru,AR-ACM0001,ARR,2011.0,31737,49008.17421458524,-0.4345039122306744,0.6475858468229736
1113,The Valparaiso Project,Brazil,VM0007,REDD,2020.0,153853,239414.56999890727,-0.442199050661479,0.6426217084478284
1806,Riscales REDD+ Project,Colombia,VM0007,REDD,2025.0,100537,156788.529869532,-0.4443721349492069,0.6412267535364964
898,Fuelling a greener future for farmers in Malawi through the use of Jatropha curcas,Malawi,AR-ACM0002,ARR,2020.0,863,1386.9650441784963,-0.4744585264469787,0.622221881958934
4788,Rizome Kawayan Project 1,Philippines,VM0047,ARR,2025.0,26459,42624.38911027908,-0.47683023869961794,0.6207478993199056
2610,Unitán afforestation and reforestation of grazing lands project,Argentina,AR-ACM0003,ARR,2022.0,7468,12198.058695125685,-0.4906495900479175,0.6122285674018109
4394,Jatobá REDD+ Project,Brazil,VM0007,REDD,2025.0,187491,307550.2944130034,-0.49490778868049645,0.6096271192256507
1115,JARI/AMAPÁ REDD+ PROJECT,Brazil,VM0015,REDD,2020.0,115009,191496.44346736182,-0.5098588503056458,0.6005803445618657
4137,Productive Second Floor with Macaúba,Brazil,AR-AMS0007,ARR,2025.0,5212,8727.064984050834,-0.5154654552127074,0.597222549565656
1378,"Forestry Project for the Basin of the Chinchina River, an Environmental and Productive Alternative for the City and the Region",Colombia,AR-ACM0003,ARR,2020.0,12189,20545.818818664287,-0.5221235507550173,0.5932593929489555
3319,Tibet Ngari Improved Grassland Management Project,China,VM0026,ALM,2024.0,292460,497136.45450202207,-0.5305366395712969,0.5882891856984317
3014,Patagonia Region Improved Grazing Project,Argentina,VM0026,ALM,2025.0,24952,42731.34303950191,-0.5379787006896759,0.5839273522700598
2852,Xinjiang Burqin Improved Grassland Management Project,China,VM0026,ALM,2023.0,271847,472849.02359228977,-0.5535367404841107,0.5749128927765279
3660,Papariko - Restoration of Degraded Mangrove Areas in Kenya,Kenya,AR-AM0014,ARR; WRC,2025.0,30389,53184.04343380683,-0.5596777150769423,0.5713931855862431
1740,Reforestation with Teak  CO2e TEAKMEX,Mexico,AR-ACM0003,ARR,2018.0,25329,44760.206190786026,-0.5693695056635679,0.5658821117140882
2079,Fazenda Nascente do Luar Agroforestry Project,Brazil,AR-ACM0003,ARR,2020.0,22797,40301.88070450391,-0.5697691871135362,0.5656559843236383
922,Plantation Project on wastelands by Sun Plant Agro Limited,India,AR-AMS0005,ARR,2012.0,1708,3029.9121020589023,-0.5732105145126392,0.5637127225041844
965,ITAA afforestation on degraded grasslands under extensive grazing,Uruguay,AR-ACM0001,REDD,2020.0,5451,9695.482646641185,-0.5758609924203899,0.5622205926889462
4408,Lake Victoria Watershed Agroforestry Carbon Project,Kenya,VM0042,ALM,2025.0,530328,945926.6413956998,-0.57866933690077,0.5606438985770709
514,Promoting Sustainable Development through Natural Rubber Tree Plantations in Guatemala,Guatemala,AR-ACM0001,ARR,2020.0,46434,83392.17815607609,-0.58552256835263,0.5568148119730668
647,Boden Creek Ecological Preserve Forest Carbon Project,Belize,VM0007,REDD,2020.0,57718,104941.9381852257,-0.597838144278203,0.5499993710629394
2386,Rotunda Forest Carbon Project,Romania,VM0012,IFM,2021.0,5662,10344.891376964115,-0.6027156244008705,0.5473232916305024
1201,Gola REDD project,Sierra Leone,VM0007,REDD,2015.0,498667,971953.9410422657,-0.6673698792634255,0.5130562045617708
1398,Reducing Emissions from Deforestation and Carbon Enhancement in Xe Pian National Protected Area,Lao,VM0015,REDD,2017.0,64981,127544.75630054531,-0.6743724133370215,0.5094760606769232
995,"TIST Program in Uganda, VCS 006",Uganda,AR-AMS0001,ARR,2013.0,7787,15289.918369207855,-0.6747380044965432,0.5092898347764974
1112,The Russas Project,Brazil,VM0007,REDD,2020.0,120147,239414.56999890727,-0.68948065867019,0.5018366259018754
2971,OKA 2 PROJECT,Congo,AR-ACM0003,ARR,2024.0,19976,40295.58425186134,-0.7017103380576142,0.49573670095321337
2792,Restoration of Degraded Mangroves and Sustainable Development in Myanmar,Myanmar,AR-AM0014,ARR,2024.0,70285,142959.76299501111,-0.7100048082247934,0.49164183353082885
1718,Inner Mongolia Keyihe IFM (conversion of logged to protected forest) Project,China,VM0010,IFM,2020.0,128563,261528.7184459975,-0.7101250428836252,0.4915827246962428
1663,Fazenda Sao Paulo Afforestation,Brazil,AR-ACM0003,ARR,2020.0,19380,40301.88070450391,-0.7321565290066747,0.48087085915656047
5172,Project Akwaaba | Forest Ecosystem Restoration in Ghana,Ghana,VM0047,ARR,2026.0,4965,10359.690035643967,-0.7355090195472229,0.4792614434328846
3973,"involtor Future Agriculture, East-Europe",Romania,VM0042,ALM,2025.0,16000,33765.338269018706,-0.7468460590699877,0.4738587208137274
3166,ReforesTerra Grouped Project,Brazil,AR-ACM0003,ARR,2025.0,24516,51771.51614508878,-0.7475141510328047,0.4735422453399729
1866,XinJiang Makit County Afforestation Carbon Sequestration Project,China,AR-ACM0003,ARR; IFM; REDD,2020.0,90393,191027.7350452856,-0.7482517963942339,0.47319306789964904
1147,Amazon Rio IFM,Brazil,VM0011,IFM,2020.0,61238,131142.36374435673,-0.7615155673971881,0.46695818385106064
1538,ECO2 Rubber Forests Guatemala,Guatemala,AR-ACM0003,ARR,2016.0,28033,60576.82852086343,-0.7705300646779261,0.4627677064728649
4072,Fazenda Boa Vista afforestation project,Brazil,AR-ACM0003,ARR,2024.0,21424,49242.23648740313,-0.8322399314700739,0.43507365887982297
2745,Wuwei City Afforestation Project in Gansu Province,China,AR-ACM0003,ARR,2022.0,63352,149201.40083865984,-0.8565905998165331,0.4246072734163281
2412,Mindanao Tree Planting Program for our Climate and Communities (MinTrees),Philippines,AR-ACM0003,ARR,2022.0,33015,78367.89505609604,-0.8644523380055436,0.4212822097156972
2709,Juruena River REDD+ Project,Brazil,VM0015,REDD,2025.0,100588,245995.00175657225,-0.8942782514067673,0.4089026170521068
3970,Carbon In Flavor and Arome Forests (C-BOSAR),Colombia,AR-ACM0003,ARR,2024.0,10247,25103.594457886928,-0.8960260615607325,0.4081885571084282
2566,The Serra do Amolar REDD+ Project,Brazil,VM0015,REDD,2023.0,90592,222546.13427922307,-0.8987685162589472,0.40707065208482335
738,"Carbon Project in the Emas-Taquari Biodiversity Corridor, Goiás and Mato Grosso do Sul, Brazil",Brazil,AR-AMS0001,ARR,2020.0,6870,17108.73848649418,-0.9124252493487717,0.4015491852554325
2411,Bosques del Uruguay II (BDU II) Afforestation through High Quality Timber in Grasslands Project,Uruguay,AR-ACM0003,ARR,2021.0,4066,10496.564894447192,-0.9483883355213436,0.3873648227670142
3555,Agroforestry Plantations in the Country by Greenply,India,AR-ACM0003,ARR,2026.0,13303,34786.19217522711,-0.9612309577680733,0.3824218509743557
1094,Ecomapua Amazon REDD Project,Brazil,VM0015,REDD,2020.0,72338,191496.44346736182,-0.9735196575559328,0.3777511409099831
672,"INFAPRO Rehabilitation of logged-over dipterocarp forest in Sabah, Malaysia",Malaysia,VM0005,IFM,2020.0,138013,366270.23842601577,-0.9760235336867087,0.37680648199287897
3002,Hiwi REDD+ Project,Brazil,VM0015,REDD,2024.0,88084,233977.0003503247,-0.9769319167818882,0.37646435277020923
963,The Purus Project,Brazil,VM0007,REDD,2020.0,89868,239414.56999890727,-0.9798547246966987,0.3753656262457635
4513,Argentina Gran Chaco Region REDD+ Project,Argentina,VM0007,REDD,2026.0,33035,88537.74134291911,-0.985861311477775,0.3731177179238265
594,"TIST Program in Kenya, VCS 001",Kenya,AR-ACM0001,ARR,2011.0,14701,39980.1169097357,-1.0004667345916438,0.36770777917410513
3361,Participatory Mangrove Afforestation & Restoration in the west coast of India,India,AR-AM0014,ARR; WRC,2025.0,9003,24595.395020985005,-1.0050013760200418,0.3660441311196085
3238,Core Carbon Sustainable Rice Productions,India,AMS-III.AU,ALM,2025.0,4740,12989.364216215847,-1.0080937496834839,0.36491393428499075
3397,Kruger to Canyons Rangeland Restoration Project,South Africa,VM0032,ALM,2025.0,115281,317511.3931954182,-1.0131410755837678,0.36307673510489813
1047,"Carbon Emissions Reduction Project in the Forest Corridor Ambositra-Vondrozo (COFAV), Madagascar",Madagascar,VM0015,REDD,2020.0,220965,608808.7633747606,-1.013499883014056,0.36294648384353484
596,"TIST Program in Kenya, VCS 003",Kenya,AR-ACM0001,ARR,2011.0,14482,39980.1169097357,-1.015475754306845,0.36223005632265765
4143,Urupianga Grouped REDD Project,Brazil,VM0015,REDD,2025.0,88272,245995.00175657225,-1.0248882611331585,0.3588365591563961
2833,Grouped Reforestation Project by Cropzone Agro Forestry Private Limited,India,AR-ACM0003,ARR,2023.0,10673,29932.814177622287,-1.031238154825818,0.35656520421588406
1329,Maísa REDD+ Project,Brazil,VM0015,REDD,2020.0,67458,191496.44346736182,-1.043364054480561,0.3522676389104708
1799,"Forest Management to mitigate climate change in the native community of Bélgica, Madre de Dios Region – Peru",Peru,VM0015,REDD,2022.0,126168,358576.5206243003,-1.0445277317286905,0.35185795149201343
2606,Fujian Qingliu IFM (conversion of logged to protected forest) Project,China,VM0010,IFM,2022.0,101521,289085.0374098075,-1.04645521828958,0.35118040321154237
1881,Conservation of Panama Forests - Reduction of GHG Emissions from Deforestation. Grouped Project,Panama,VM0015,REDD,2024.0,17170,49344.39669024203,-1.0556605422793623,0.3479625074308672
1529,Inner Mongolia Chao’er Improved Forest Management Project,China,VM0010,IFM,2020.0,90035,261528.7184459975,-1.066345615826739,0.3442642954662401
1162,Jiangxi Province Le'an County Forest Farm Carbon Sink Project,China,VM0010,IFM,2020.0,86680,261528.7184459975,-1.1043209227800492,0.3314358763926661
1900,Makame Savannah REDD,Tanzania,VM0007,REDD,2020.0,136411,414029.043160151,-1.110263736606484,0.32947205577371713
4463,Land Life Reforestation and Restoration on Degraded Land in Australia,Australia,AR-ACM0003,ARR,2026.0,4500,13667.20420726522,-1.1109217127253501,0.32925534233313697
1911,King County Rural Forest Carbon Project,United States,VM0012,IFM,2020.0,9195,28016.64060867166,-1.1141387830407439,0.3281978067403977
4090,Goldbeck Forest Carbon Project,United States,VM0003,IFM,2025.0,12871,40048.95624050932,-1.135125893097019,0.3213816590551004
3450,"Sustainable Agroforestry Cacao Meta, Colombia",Colombia,AR-ACM0003,ARR,2025.0,8405,26393.016208935267,-1.144272670755134,0.3184554555441267
4016,Amazon Biome Conservancy Grouped REDD+ Project,Brazil,VM0007,REDD,2025.0,97926,307550.2944130034,-1.1444265415423107,0.31840645832221853
3623,Bugnavilla Afforestation Through High-Quality Timber Over Degraded Grasslands,Uruguay,AR-ACM0003,ARR,2025.0,4017,12825.06726243124,-1.160866280299949,0.31321473157237073
799,Bukaleba Forest Project,Uganda,AR-ACM0001,ARR,2012.0,11903,38598.080426394685,-1.1764120761623236,0.30838321150966674
3570,Bamboo plantations by farmers and community in the country,India,AR-ACM0003,ARR,2025.0,10077,33086.72469216997,-1.1888765359341775,0.3045632377865658
1359,Isangi REDD+ Project,"Congo, The Democratic Republic of The",VM0006,REDD,2020.0,324534,1075428.2658054116,-1.1980839407877308,0.3017718710944885
2750,Saving Colombia's Cloud Forest,Colombia,AR-ACM0003,ARR,2025.0,7920,26393.016208935267,-1.2037082317893777,0.3000793822616875
4094,Curuá Grouped REDD+ Project,Brazil,VM0015,REDD,2025.0,73615,245995.00175657225,-1.2064624083458622,0.2992540477421844
1689,Tumring REDD+ Project,Cambodia,VM0009,REDD,2020.0,378434,1270160.075971737,-1.2108565304322543,0.2979419737393956
3299,Grouped Project Serra do Sudeste,Brazil,AR-ACM0003,ARR,2024.0,14560,49242.23648740313,-1.2184736776503513,0.29568112739405444
1396,Rio Pepe y ACABA REDD+ Project,Colombia,VM0006,REDD,2020.0,68454,234599.435506261,-1.2317175431775222,0.2917909834364162
2479,Mahogany Plantation in India,India,AR-ACM0003,ARR,2023.0,8446,29932.814177622287,-1.2652623862458938,0.28216525014591554
1218,"Evio Kuiñaji Ese´Eja Cuana, To Mitigate Climate Change, Madre de Dios - Perú",Peru,VM0007,REDD,2020.0,114410,405569.6843329936,-1.265504219001988,0.2820970215960804
658,"Reforestation of pastures in Campo Verde with native species, Pucallpa, Peru",Peru,AR-AM0003,ARR,2020.0,5600,20019.770464955156,-1.273953710793288,0.27972348683032433
3368,Orizon CarbonCrop Rewards Programme,South Africa,VM0042,ALM,2025.0,100000,358249.4820214288,-1.2760594348613044,0.27913508607395127
3562,Agroforestry plantations in India,India,AR-ACM0003,ARR,2025.0,8947,33086.72469216997,-1.3078138546669837,0.27041056747805936
1390,Carmen del Darién (CDD) REDD+ Project,Colombia,VM0006,REDD,2020.0,62400,234599.435506261,-1.3243142546444275,0.26598529474438853
1664,Yunnan Xishuangbanna Improved Forest Management Project,China,VM0010,IFM,2020.0,68100,261528.7184459975,-1.3455668862927421,0.2603920533264947
904,"Reduced Emissions from Deforestation and Degradation in Community Forests – Oddar Meanchey, Cambodia",Cambodia,VM0006,REDD,2020.0,204792,798094.9444882165,-1.3602327385254966,0.2566010490535361
562,The Kasigau Corridor REDD Project – Phase I Rukinga Sanctuary,Kenya,VM0009,REDD,2020.0,251432,1012099.3930970365,-1.3926094842998982,0.24842619382530703
4285,Leveraging carbon finance for smallholder farmers in India,India,VM0017,ALM,2025.0,8030,32646.460450907038,-1.402551913032804,0.24596847220467655
2290,BLUE CARBON PROJECT GULF OF MORROSQUILLO “VIDA MANGLAR”,Colombia,VM0007,REDD,2021.0,31310,128322.2103092918,-1.4106068336104371,0.24399517374688523
4811,Panna Afforestation and Reforestation Project,India,VM0047,ARR,2026.0,3968,16280.492384788178,-1.411705415460263,0.24372727226036087
1317,Reforestation Grouped Project at Pratigi Environmental Protection Area,Brazil,AR-AMS0007,ARR,2020.0,1636,6793.641718005493,-1.4237328951077561,0.24081340581503377
2483,Tavolo Community Forest Conservation Project,Papua New Guinea,VM0007,REDD,2025.0,54532,227621.73852505305,-1.4288975243403073,0.23957289999345985
1202,LOWER ZAMBEZI REDD+ PROJECT,Zambia,VM0009,REDD,2020.0,189117,793823.0430957418,-1.4344946976230961,0.23823571467827862
4306,Regenerative Agriculture with small holder farming communities of Bangladesh,Bangladesh,VM0017,ALM,2025.0,26809,119481.93763002724,-1.4944275583706847,0.22437701071615845
825,"TIST Program in Uganda, VCS 002",Uganda,AR-AMS0001,ARR,2020.0,4801,21710.85692934717,-1.5089882252043818,0.2211336022167948
1577,Fujian Yong’an Improved Forest Management Project,China,VM0010,IFM,2020.0,57455,261528.7184459975,-1.515542066738611,0.21968906642986422
856,The Chocó-Darién Conservation Corridor REDD Project,Colombia,VM0009,REDD,2020.0,80938,373362.6417300961,-1.5288667476929358,0.21678119595722728
4265,REDD+ Café Apuí Agroflorestal,Brazil,VM0015,REDD,2026.0,55052,258630.29613428414,-1.5471214207833466,0.2128598266438836
4841,Ana Primavesi – Sustainable Farming and Restoration Program,Brazil,AR-ACM0003,ARR,2025.0,10870,51771.51614508878,-1.560833415523172,0.20996101349508506
1542,Yunnan Kunming Liangqu Improved Forest Management Project,China,VM0010,IFM,2020.0,54734,261528.7184459975,-1.5640590109042023,0.20928485531236946
1377,Lock Haven Improved Forest Management Project,United States,VM0003,IFM,2020.0,6384,31176.376064041888,-1.5858657704297574,0.20477043216588467
826,"TIST Program in Uganda, VCS 004",Uganda,AR-AMS0001,ARR,2012.0,2958,14542.93465348022,-1.5925919205653853,0.20339773714737355
2326,Guangxi Jinxiu IFM (conversion  of  logged  to  protected  forest)  Project,China,VM0010,IFM,2022.0,58501,289085.0374098075,-1.597677043814203,0.20236605991153
886,"Reforestation of degraded lands in the Valle California of Patagonia, Chile",Chile,AR-ACM0001,ARR,2020.0,1193,6299.7407065824455,-1.6640373317493813,0.18937287351421678
838,Tensas River Basin Project,United States,AR-ACM0001,ARR,2020.0,1196,6377.918607188376,-1.6738591514835441,0.18752199168111386
2327,Guangxi Huanjiang IFM (conversion of logged to protected forest) Project,China,VM0010,IFM,2022.0,53992,289085.0374098075,-1.677885004481901,0.18676857330205174
3566,Livelihood improvement by agroforestry plantation in India,India,AR-ACM0003,ARR,2026.0,6420,34786.19217522711,-1.689802413767973,0.18455598611255836
3208,Wheatbelt Biodiversity Carbon Credit Project,Australia,AR-ACM0003,ARR,2024.0,2205,12364.411638499263,-1.724094808128017,0.17833440558823332
2992,HG Afforestation Through High Quality Timber Over Degraded Grasslands,Uruguay,AR-ACM0003,ARR,2023.0,2056,11602.549323134106,-1.7304624956093786,0.17720243566649443
605,Protection of a Tasmanian native forest - Project 1 - REDD Forests Pilot,Australia,VM0010,REDD,2020.0,4956,27997.518781445437,-1.731516927533395,0.17701568623589775
1882,REDD+ PROJECT IN THE ALTO HUAYABAMBA CONSERVATION CONCESSION (CCAH),Peru,VM0015,REDD,2019.0,53179,308547.83720619895,-1.7582133136253528,0.1723525288056422
3560,Improving livelihoods through Agroforestry Plantations in India,India,AR-ACM0003,ARR,2026.0,5990,34786.19217522711,-1.759129119342484,0.17219475962838388
796,"Alto Huayabamba: Carbon Dioxide sequestration through reforestation with small-scale farmers in Peru, San Martin Region",Peru,AR-AMS0001,ARR,2020.0,4844,28982.30323799781,-1.7889445848550949,0.1671364749799864
953,The Paraguay Forest Conservation Project - Reduction of GHG emissions from deforestation and forest degradation in the Chaco-Pantanal ecosystem,Paraguay,VM0007,REDD,2020.0,12784,78717.0561180883,-1.81766546614692,0.16240444740237664
1367,EFM Improved Forest Management Group Project,United States,VM0003,IFM,2020.0,5001,31176.376064041888,-1.8300227381404977,0.16040992031039933
3938,Carbono Rural AR NEA,Argentina,VM0042,ALM,2026.0,27337,197051.29994282412,-1.9752230046986288,0.13873037126845664
4031,Agroforestry Plantation of ITC Limited In Selected Regions of North India,India,AR-AMS0007,ARR,2026.0,759,5863.86844090311,-2.0445630308753797,0.12943673747958512
1133,Yacumama Forest Carbon Project,Peru,VM0007,REDD,2020.0,51013,405569.6843329936,-2.073212204511716,0.12578109747994798
4458,DEVELOPING CARBON PROJECT FOR FARMERS ADOPTING REGENERATIVE AGRICULTURAL PRACTICES IN GUJARAT STATE,India,VM0042,ALM,2026.0,57329,459920.76812096126,-2.0822476275386954,0.12464973094000881
2471,Agroforestry and reforestation with small-scale farmers in Uganda,Uganda,AR-AMS0007,ARR,2023.0,1214,10018.921159732705,-2.110554728533372,0.12117073092452485
812,Bull Run Overseas Forest Carbon Project,Belize,VM0007,REDD,2020.0,12315,104941.9381852257,-2.142589195976395,0.11735060561072973
4627,"Trees for Livelihood in Madhya Pradesh, India",India,AR-ACM0003,ARR,2025.0,3864,33086.72469216997,-2.1474292188821718,0.11678399829386625
919,LOWER MISSISSIPPI VALLEY GROUPED AFFORESTATION PROJECT,United States,AR-ACM0001,ARR; IFM; REDD,2020.0,926,9026.27844306549,-2.2770211942640035,0.10258934574651936
1071,Jatropha Agroforestry Senegal,Senegal,AR-ACM0003,ARR,2020.0,1742,17942.701784377638,-2.3321495679970035,0.09708682788880355
2322,Monet Forest Conservation Project,Canada,VM0012,IFM,2021.0,7552,83868.46620187517,-2.4074372641818567,0.09004576263290659
839,Bayou Bartholomew Climate Action Project,United States,AR-ACM0001,ARR,2020.0,531,6377.918607188376,-2.485835064752182,0.0832560013233039
4176,Greenzone Reforestation Project,Cameroon,AR-ACM0003,ARR,2024.0,35,428.16027271938555,-2.504149532966904,0.08174508993490588
2375,Jilin Sanchazi Afforestation Project,China,AR-ACM0003,ARR,2021.0,10576,141912.2175939226,-2.5966213973779144,0.07452494351305887
2554,CNG AgriCarbon Rewards Programme,South Africa,VM0042,ALM,2025.0,23161,358249.4820214288,-2.7387597911838206,0.06465047728558786
1361,Reforestation Project in Qinghai Province 2012,China,AR-ACM0003,ARR,2015.0,6708,105075.41212299655,-2.7513774591018887,0.06383986381274352
2343,Zhanjiang Mangrove Afforestation Project,China,AR-AM0014,ARR,2021.0,4020,66215.16975126498,-2.801627684382332,0.060711163546072484
3342,XiCO2e: Mexican Reforestation Project,Mexico,AR-ACM0003,ARR,2025.0,3726,63557.07135057656,-2.8366029915014366,0.05862447593671573
3430,Juruá REDD+ Project,Brazil,VM0015,REDD,2025.0,13798,245995.00175657225,-2.8807875635393163,0.056090570546038984
1429,Recovery of degraded areas with agroforestry systems in Colombia,Colombia,AR-ACM0003,ARR,2015.0,746,15994.02916239898,-3.065245154020099,0.046642405889430416
2485,Agri-SMART: Sustaining a resilient and inclusive development in Zambezia,Mozambique,VM0017,ALM,2023.0,163,4244.5770606030555,-3.25964726060828,0.038401941506238435
1332,"Reforestation Project in Yingjing County, Sichuan Province",China,AR-ACM0003,ARR,2014.0,3365,99941.98891667536,-3.3911619437287612,0.03366953206029852
3786,Silvopastoral carbon project of Uruguay,Uruguay,AR-ACM0003,ARR,2025.0,405,12825.06726243124,-3.4552698475526933,0.03157878174926815
4855,Improved Agriculture Land Management in Argentina,Argentina,VM0042,ALM,2026.0,5845,197051.29994282412,-3.517877505715388,0.029662326519520398
4883,Agroforestry Project of Cameroon,Cameroon,AR-ACM0003,ARR,2025.0,12,450.1523093380983,-3.624679340905716,0.026657643981977435
3661,Strengthening Rural Livelihood Through Carbon Finance: Agroforestry Practices In Moradabad Forest Circle Of Uttar Pradesh,India,AR-AMS0007,ARR,2026.0,148,5863.86844090311,-3.6793525345068954,0.025239311129089063
4004,The Native Ecosystem Restoration in Nicaragua Project,Nicaragua,AR-ACM0003,ARR,2025.0,164,6618.615749541537,-3.6977750979644215,0.02477859513318326
1339,Renencom Afforestation/Reforestation Grouped Project,South Africa,AR-AMS0007,ARR,2015.0,66,2767.9333434225373,-3.7362014932877035,0.023844504838541846
4448,Raízes do Bem Grouped ARR Project,Brazil,AR-AMS0007,ARR,2025.0,204,8727.064984050834,-3.7560643996132272,0.023375556429661132
3242,AGRISOLERO CARBON FARMING IN NORTHERN ITALY,Italy,VM0042,ALM,2026.0,289,13633.179779925009,-3.853835102100737,0.021198282767865742
1695,PAYMENT FOR ENVIRONMENTAL SERVICES SCHEME FOR FOREST MANAGEMENT AND CONSERVATION OF WATER SOURCES IN THE JURISDICTION OF CORPOCHIVOR,Colombia,VM0015,REDD,2018.0,1662,88318.69132209689,-3.9729300685276066,0.01881821362070133
2496,IMPACT REFORESTATION IN THE CHACO PROJECT,Paraguay,AR-ACM0003,ARR,2023.0,254,15399.368892916646,-4.104747539564002,0.016494182441257974
1403,"The Paraguay Forest Conservation Project – Reduction of GHG Emissions from Deforestation and Forest Degradation in the Parana Atlantic Ecosystem – Forest Protection in the La Amistad Community, San Rafael",Paraguay,VM0007,REDD,2020.0,1265,78717.0561180883,-4.130787732991355,0.01607021479693417
1351,Planting for the Future: Financially sustainable agroforestry systems and payments for ecosystem services,Peru,AR-ACM0003,ARR,2015.0,719,53146.49776729505,-4.3029461305063,0.013528643094191875
3049,Rio Preto Grouped REDD+ Project,Brazil,VM0015,REDD,2025.0,2925,245995.00175657225,-4.4320167369794135,0.011890485494068999
3663,Strengthening rural livelihood through carbon finance to agroforestry practices in Saharanpur Forest Circle of Uttar Pradesh,India,AR-ACM0003,ARR,2026.0,249,34786.19217522711,-4.939522913987272,0.007158012545487076
4430,Reflorestamento de Impacto no Brasil Project,Brazil,AR-ACM0003,ARR,2025.0,239,51771.51614508878,-5.378131843706916,0.004616438107205642
4126,Community Restoration of Native Ecosystems in Ghana,Ghana,AR-ACM0003,ARR,2024.0,92,20025.339590876294,-5.382965153089611,0.004594179268845755
3321,Mount Kenya Regenerative Agroforestry Project,Kenya,AR-ACM0003,ARR,2024.0,7,68050.01324623179,-9.182088053678678,0.00010286552002085935
